soc_code,title,aai,aai_manus,rank,frey_probability,label,occupation,claude_usage,employment_2025,median_wage_2025,employment_2010,median_wage_2010,education_level,dv_rating_alpha,dv_rating_beta,dv_rating_gamma,human_rating_alpha,human_rating_beta,human_rating_gamma,rl_feasibility,cognitive_ability_share
11-1011,Chief Executives,0.1398852113512685,0.1486020876176212,70.0,0.015,0.0,Chief executives,0.03191055056828788,204350.0,213990.0,273500.0,165080.0,Bachelor's degree,0.1,0.46,0.8200000000000001,0.18,0.35,0.52,13.896774193548387,0.5879059350503919
11-1021,General and Operations Managers,0.1395223813130562,0.1539984409660741,195.0,0.16,,General and operations managers,0.031074513687118027,3503020.0,105770.0,1708080.0,94400.0,Bachelor's degree,0.0,0.4807692307692308,0.9615384615384616,0.1153846153846153,0.3846153846153846,0.6538461538461539,23.38235294117647,0.5568441547447727
11-1031,Legislators,,,,,,Legislators,0.0052333737236865,,,65710.0,19260.0,Bachelor's degree,0.0333333333333333,0.4,0.7666666666666666,0.2666666666666666,0.5166666666666666,0.7666666666666666,,
11-2011,Advertising and Promotions Managers,0.1282694058502469,0.1497913316149124,124.0,0.039,,Advertising and promotions managers,0.017601192048430483,21470.0,133660.0,32240.0,83890.0,Bachelor's degree,0.0,0.4767441860465116,0.9534883720930232,0.2558139534883721,0.5465116279069767,0.8372093023255813,33.87142857142857,0.5841405915130733
11-2021,Marketing Managers,0.1226681689217844,0.1416836872203719,61.0,0.014,,Marketing managers,0.01300308790764936,395240.0,166790.0,164590.0,112800.0,Bachelor's degree,0.0625,0.5,0.9375,0.21875,0.578125,0.9375,32.019999999999996,0.5880470506832727
11-2022,Sales Managers,0.1215467156707206,0.1359993245699428,59.0,0.013,,Sales managers,0.005397789140020472,637080.0,148270.0,319300.0,98530.0,Bachelor's degree,0.0,0.45,0.9,0.1,0.4833333333333333,0.8666666666666667,28.841176470588238,0.592641261498029
11-2032,Public Relations Managers,,,,,,Public Relations Managers,,74850.0,146910.0,,,Bachelor's degree,0.15,0.55,0.95,0.25,0.5750000000000001,0.9,,
11-2033,Fundraising Managers,0.112947899397106,0.127362296042467,,,,Fundraising Managers,,38810.0,125470.0,,,Bachelor's degree,0.125,0.5625,1.0,0.25,0.5,0.75,31.25625,0.5763716814159292
11-3012,Administrative Services Managers,0.1619580530750206,0.1668637529806011,,,,Administrative Services Managers,,263960.0,114130.0,,,Bachelor's degree,0.0869565217391304,0.3913043478260869,0.6956521739130435,0.2608695652173913,0.5,0.7391304347826086,39.425,0.5278407251537713
11-3013,Facilities Managers,0.1454191579827568,0.1423534239449321,,,,Facilities Managers,,156180.0,106660.0,,,Bachelor's degree,0.0,0.3181818181818182,0.6363636363636364,0.0909090909090909,0.2727272727272727,0.4545454545454546,43.45454545454545,0.4840944647247263
11-3021,Computer and Information Systems Managers,0.1705823463830622,0.1669490290623085,118.0,0.035,,Computer and information systems managers,0.020604664062078244,670570.0,175140.0,288660.0,115780.0,Bachelor's degree,0.1212121212121212,0.5303030303030303,0.9393939393939394,0.303030303030303,0.5606060606060607,0.8181818181818182,32.04117647058824,0.5657905646297985
11-3031,Financial Managers,0.1396333867940478,0.1466379835146599,152.0,0.069,,Financial managers,0.008234420398431249,841710.0,166570.0,478940.0,103910.0,Bachelor's degree,0.0,0.4814814814814814,0.9629629629629628,0.037037037037037,0.4259259259259259,0.8148148148148148,39.141176470588235,0.5858289462328471
11-3051,Industrial Production Managers,0.1592099659486383,0.1593944245698315,107.0,0.03,,Industrial production managers,0.0144623522820549,246250.0,126060.0,143310.0,87160.0,Bachelor's degree,0.0606060606060606,0.4848484848484848,0.9090909090909092,0.1515151515151515,0.3484848484848485,0.5454545454545454,34.38461538461539,0.5164997053624042
11-3061,Purchasing Managers,0.1303294873858338,0.1391678975799782,111.0,0.03,,Purchasing managers,0.006775156024025721,84320.0,148080.0,65220.0,95070.0,Bachelor's degree,0.2285714285714285,0.5857142857142857,0.9428571428571428,0.1142857142857142,0.4714285714285714,0.8285714285714285,46.30555555555556,0.590929028862181
11-3071,"Transportation, Storage, and Distribution Managers",0.1474408236927926,0.1533316771845269,328.0,0.59,0.0,"Transportation, storage, and distribution managers",0.01107477427004204,221180.0,107230.0,90280.0,80210.0,High school diploma or equivalent,0.0357142857142857,0.4821428571428571,0.9285714285714284,0.1785714285714285,0.4732142857142857,0.7678571428571428,39.38846153846154,0.5481677068330933
11-3111,Compensation and Benefits Managers,0.1314880073752221,0.143983659045088,630.0,0.96,,Compensation and benefits managers,0.010090349890482735,22940.0,149230.0,29830.0,89270.0,Bachelor's degree,0.131578947368421,0.513157894736842,0.894736842105263,0.1842105263157894,0.4605263157894737,0.7368421052631579,34.54545454545455,0.5866366788492174
11-3121,Human Resources Managers,0.129307956897778,0.1397239441367859,28.0,0.0055,,Human resources managers,0.007985005314030314,220660.0,149280.0,67700.0,99180.0,Bachelor's degree,0.04,0.48,0.92,0.14,0.45,0.76,37.44615384615385,0.5949962219796825
11-3131,Training and Development Managers,0.1393694973695313,0.1543727773651135,30.0,0.0063,,Training and development managers,0.015146382457557476,48050.0,133000.0,28070.0,89170.0,Bachelor's degree,0.0909090909090909,0.5,0.9090909090909092,0.0454545454545454,0.4772727272727273,0.9090909090909092,41.06666666666667,0.5802479765799898
11-9013,"Farmers, Ranchers, and Other Agricultural Managers",0.1129662044162272,0.1164659376062856,137.0,0.047,,"Farmers, ranchers, and other agricultural managers",0.008034640156697134,6500.0,89900.0,3680.0,60750.0,High school diploma or equivalent,0.0408163265306122,0.3673469387755101,0.6938775510204082,0.1020408163265306,0.2448979591836734,0.3877551020408163,23.009999999999998,0.4759056616597567
11-9021,Construction Managers,0.1485899875402314,0.1460053616297581,154.0,0.071,,Construction managers,0.011139920001042275,380360.0,114990.0,191430.0,83860.0,Bachelor's degree,0.0444444444444444,0.4444444444444445,0.8444444444444444,0.2,0.4,0.6,35.94,0.5203188937491181
11-9031,"Education and Childcare Administrators, Preschool and Daycare",0.138797897750673,0.1509740965992578,71.0,0.015,0.0,"Education administrators, preschool and childcare center/program",0.0191156187820726,73660.0,59300.0,50700.0,42960.0,Bachelor's degree,0.0625,0.46875,0.875,0.28125,0.515625,0.75,38.48235294117647,0.5447809278350516
11-9032,"Education Administrators, Kindergarten through Secondary",0.1256574848841574,0.1408305481178262,22.0,0.0046,,"Education administrators, elementary and secondary school",0.04373884379356615,328330.0,105870.0,222270.0,86970.0,Master's degree,0.0181818181818181,0.4181818181818181,0.8181818181818181,0.2727272727272727,0.4545454545454545,0.6363636363636364,33.028125,0.5824031007751937
11-9033,"Education Administrators, Postsecondary",0.121201161753047,0.134963972444562,52.0,0.01,,"Education administrators, postsecondary",0.00525074591861992,180470.0,104590.0,110360.0,83710.0,Master's degree,0.024390243902439,0.4390243902439024,0.8536585365853658,0.3414634146341463,0.475609756097561,0.6097560975609756,32.93333333333334,0.6036957455951868
11-9041,Architectural and Engineering Managers,0.1657000140161887,0.166611807344094,78.0,0.017,,Architectural and engineering managers,0.01680759859806383,220260.0,171270.0,174720.0,119260.0,Bachelor's degree,0.0,0.4714285714285714,0.9428571428571428,0.1142857142857142,0.3857142857142857,0.6571428571428571,31.410526315789472,0.5801514419204126
11-9051,Food Service Managers,0.1144956447859209,0.1258812991916098,162.0,0.083,,Food service managers,0.005765397193521875,238430.0,69390.0,186830.0,48130.0,High school diploma or equivalent,0.0625,0.4166666666666666,0.7708333333333333,0.1875,0.3958333333333333,0.6041666666666666,36.857142857142854,0.5000790263948158
11-9071,Gambling Managers,0.1076220000943354,0.1131499534429505,165.0,0.091,,Gaming managers,0.0085992364920326,5030.0,93220.0,3230.0,66960.0,High school diploma or equivalent,0.3235294117647059,0.5735294117647058,0.8235294117647058,0.2647058823529412,0.4852941176470588,0.7058823529411764,39.16315789473684,0.5281645569620252
11-9072,"Entertainment and Recreation Managers, Except Gambling",0.113838538975817,0.12844278869584,,,,"Entertainment and Recreation Managers, Except Gambling",,37980.0,79520.0,,,Bachelor's degree,0.1764705882352941,0.3529411764705882,0.5294117647058824,0.2352941176470588,0.3823529411764705,0.5294117647058824,28.841176470588238,0.5261818778726199
11-9081,Lodging Managers,0.1168266962975722,0.1262848756884367,12.0,0.0039,,Lodging managers,0.004603631657350767,42620.0,69250.0,29920.0,46880.0,High school diploma or equivalent,0.0434782608695652,0.4565217391304347,0.8695652173913043,0.2608695652173913,0.3804347826086956,0.5,33.7875,0.5115781710914453
11-9111,Medical and Health Services Managers,0.1393780042673663,0.1495879248688094,36.0,0.0073,,Medical and health services managers,0.008420085731781938,597080.0,123860.0,282990.0,84270.0,Bachelor's degree,0.0,0.4285714285714285,0.8571428571428571,0.1142857142857142,0.3714285714285714,0.6285714285714286,28.0,0.5721618615792626
11-9121,Natural Sciences Managers,0.168072705374287,0.1756526459504179,80.0,0.018,,Natural sciences managers,0.009663283431703333,108690.0,167220.0,45920.0,116020.0,Bachelor's degree,0.1333333333333333,0.5666666666666667,1.0,0.3666666666666666,0.5666666666666667,0.7666666666666666,26.475,0.5467654877950536
11-9131,Postmasters and Mail Superintendents,0.1124783960673593,0.1194975526779473,409.0,0.75,,Postmasters and mail superintendents,,13810.0,96660.0,25160.0,60300.0,High school diploma or equivalent,0.1428571428571428,0.5238095238095237,0.9047619047619048,0.238095238095238,0.4523809523809523,0.6666666666666666,40.26153846153846,0.5355031981216096
11-9141,"Property, Real Estate, and Community Association Managers",0.1224526870552893,0.1210216573790792,446.0,0.81,,"Property, real estate, and community association managers",0.00563045246502135,311180.0,69990.0,147110.0,51480.0,High school diploma or equivalent,0.0,0.4431818181818182,0.8863636363636364,0.2045454545454545,0.4318181818181818,0.6590909090909091,36.58148148148148,0.5781858653311073
11-9151,Social and Community Service Managers,0.1487491824499912,0.1573178570649191,33.0,0.0067,0.0,Social and community service managers,0.005374522807520375,209330.0,80390.0,116480.0,57950.0,Bachelor's degree,0.0714285714285714,0.3928571428571428,0.7142857142857142,0.25,0.4464285714285714,0.6428571428571428,29.88125,0.5672587774163956
11-9161,Emergency Management Directors,0.1400290034905461,0.1477574264235543,3.0,0.003,,Emergency management directors,0.002432107290675867,13500.0,93330.0,11800.0,55360.0,Bachelor's degree,0.0,0.4222222222222222,0.8444444444444444,0.4,0.6,0.8,32.25217391304348,0.5505600853463384
11-9171,Funeral Home Managers,0.103229667053462,0.1119793756531048,,,,Funeral Home Managers,,13910.0,78790.0,,,Associate's degree,0.1428571428571428,0.4285714285714285,0.7142857142857142,0.2857142857142857,0.5357142857142857,0.7857142857142857,32.93043478260869,0.501073729420186
13-1011,"Agents and Business Managers of Artists, Performers, and Athletes",0.1225740860196656,0.1400662295877819,220.0,0.24,,"Agents and business managers of artists, performers, and athletes",0.02381727925369046,12620.0,82890.0,11790.0,63130.0,Bachelor's degree,0.1739130434782608,0.5434782608695652,0.9130434782608696,0.3043478260869565,0.3695652173913043,0.4347826086956521,32.05,0.5698433420365536
13-1021,"Buyers and Purchasing Agents, Farm Products",0.1020620983115024,0.1155480060469633,506.0,0.87,,"Buyers and purchasing agents, farm products",0.002779551189343867,,,10250.0,54220.0,,0.0555555555555555,0.5277777777777778,1.0,0.0555555555555555,0.25,0.4444444444444444,36.699999999999996,0.5350285417747794
13-1022,"Wholesale and Retail Buyers, Except Farm Products",0.1071897009909485,0.1253285637997238,237.0,0.29,,"Wholesale and retail buyers, except farm products",0.00497713384841888,,,108220.0,49650.0,,0.0333333333333333,0.4666666666666667,0.9,0.1,0.4,0.7,38.33,0.5434428338622523
13-1023,"Purchasing Agents, Except Wholesale, Retail, and Farm Products",0.1326274023506206,0.1402149607565822,423.0,0.77,,"Purchasing agents, except wholesale, retail, and farm products",0.00952988979203617,,,272370.0,56580.0,,0.0526315789473684,0.4736842105263157,0.894736842105263,0.1578947368421052,0.3684210526315789,0.5789473684210527,40.56315789473685,0.5893258932589326
13-1031,"Claims Adjusters, Examiners, and Investigators",0.1111281749427669,0.113357356482158,675.0,0.98,1.0,"Claims adjusters, examiners, and investigators",0.0041693267840157994,324230.0,78000.0,262540.0,58620.0,High school diploma or equivalent,0.08,0.52,0.96,0.18,0.49,0.8,44.81111111111112,0.5728541226215645
13-1032,"Insurance Appraisers, Auto Damage",0.0772628069092189,0.0870137466922883,685.0,0.98,,"Insurance appraisers, auto damage",0.0020846633920079,11560.0,78240.0,10280.0,56230.0,Postsecondary nondegree award,0.0,0.5,1.0,0.1428571428571428,0.5,0.8571428571428571,47.214285714285715,0.5061860772022435
13-1041,Compliance Officers,0.1437267900529821,0.1444998395263389,159.0,0.08,0.0,Compliance oﬃcers,0.0042996182460163,417070.0,80730.0,204000.0,58720.0,Bachelor's degree,0.4545454545454546,0.6818181818181819,0.9090909090909092,0.4545454545454546,0.6136363636363636,0.7727272727272727,44.333333333333336,0.5154411183950716
13-1051,Cost Estimators,0.1366198189255384,0.1454505068317911,321.0,0.57,1.0,Cost estimators,0.01087933707704125,224220.0,78740.0,183790.0,57860.0,Bachelor's degree,0.0,0.5,1.0,0.1538461538461538,0.4807692307692308,0.8076923076923077,43.035714285714285,0.6000357589844448
13-1071,Human Resources Specialists,0.1388085619926892,0.1494666256810821,,,,Human Resources Specialists,0.010125507904038444,912430.0,75940.0,,,Bachelor's degree,0.3333333333333333,0.6444444444444445,0.9555555555555556,0.3777777777777777,0.5888888888888889,0.8,46.90384615384615,0.5630197140988509
13-1074,Farm Labor Contractors,0.1093780693748223,0.1091627898994592,649.0,0.97,1.0,Farm labour contractors,,310.0,58460.0,830.0,29990.0,No formal educational credential,0.0,0.1428571428571428,0.2857142857142857,0.0,0.0,0.0,30.142857142857142,0.4402719058277377
13-1075,Labor Relations Specialists,0.1160097172050772,0.1210333403260266,,,,Labor Relations Specialists,0.00523771677241986,64810.0,95420.0,,,Bachelor's degree,0.1698113207547169,0.5471698113207547,0.9245283018867924,0.1132075471698113,0.4433962264150943,0.7735849056603773,38.1,0.5982481488170491
13-1081,Logisticians,0.1543630953152158,0.1578435798687866,55.0,0.012,,Logisticians,0.00833865356803163,251040.0,82320.0,104800.0,70800.0,Bachelor's degree,0.0909090909090909,0.5,0.9090909090909092,0.1818181818181818,0.4545454545454546,0.7272727272727273,35.800000000000004,0.5946901129212999
13-1082,Project Management Specialists,,,,,,Project Management Specialists,,1066670.0,102320.0,,,Bachelor's degree,0.1,0.55,1.0,0.05,0.4,0.75,,
13-1111,Management Analysts,0.185038779398921,0.1921801156729967,182.0,0.13,,Management analysts,0.026823754739351877,898280.0,101860.0,536310.0,78160.0,Bachelor's degree,0.0952380952380952,0.4047619047619047,0.7142857142857142,0.1904761904761904,0.5,0.8095238095238095,37.13636363636363,0.5932689799112967
13-1121,"Meeting, Convention, and Event Planners",0.1334695339930641,0.1459590159755428,121.0,0.037,0.0,"Meeting, convention, and event planners",0.010051055640038142,142860.0,61160.0,56950.0,45260.0,Bachelor's degree,0.1081081081081081,0.4864864864864865,0.8648648648648649,0.081081081081081,0.3648648648648649,0.6486486486486487,38.63333333333333,0.5248733302625519
13-1131,Fundraisers,0.0954434306359288,0.1081115912510162,,,,Fundraisers,0.0077523419890294125,111040.0,72550.0,,,Bachelor's degree,0.1538461538461538,0.5192307692307693,0.8846153846153847,0.25,0.4903846153846154,0.7307692307692308,39.0,0.5808684707363119
13-1141,"Compensation, Benefits, and Job Analysis Specialists",0.1353099230634478,0.1523716901072693,286.0,0.47,,"Compensation, benefits, and job analysis specialists",0.0609577911502316,112380.0,78210.0,102830.0,57000.0,Bachelor's degree,0.0789473684210526,0.4736842105263157,0.8684210526315789,0.3157894736842105,0.4736842105263157,0.631578947368421,40.65,0.5785826480643075
13-1151,Training and Development Specialists,0.1423058111438027,0.1616258989821457,64.0,0.014,,Training and development specialists,0.012012872796445601,458300.0,69280.0,203870.0,54160.0,Bachelor's degree,0.1052631578947368,0.5526315789473684,1.0,0.4210526315789473,0.5921052631578947,0.763157894736842,42.63,0.5804698457223001
13-1161,Market Research Analysts and Marketing Specialists,0.1153646213450464,0.1420199412442118,337.0,0.61,1.0,Market research analysts and marketing specialists,0.027452411043504293,899580.0,78760.0,261780.0,60570.0,Bachelor's degree,0.0,0.5,1.0,0.2307692307692307,0.576923076923077,0.9230769230769232,39.43846153846154,0.6002962704775183
13-2011,Accountants and Auditors,0.1451696878862016,0.1512877880690661,589.0,0.94,1.0,Accountants and auditors,0.04988534351343951,1449500.0,83680.0,1072490.0,61690.0,Bachelor's degree,0.12,0.56,1.0,0.2,0.52,0.84,43.891999999999996,0.5886836441893829
13-2022,Appraisers of Personal and Business Property,0.0899847572393782,0.1009157212985662,,,,Appraisers of Personal and Business Property,,,,,,,0.1428571428571428,0.5714285714285714,1.0,0.3571428571428571,0.5714285714285714,0.7857142857142857,38.07857142857143,0.5301048183960347
13-2023,Appraisers and Assessors of Real Estate,0.0928947540775156,0.1011327312894413,,,,Appraisers and Assessors of Real Estate,,,,,,,0.0178571428571428,0.4910714285714285,0.9642857142857142,0.1964285714285714,0.4642857142857142,0.7321428571428571,44.19285714285714,0.5253623188405796
13-2031,Budget Analysts,0.1319363035432078,0.1367004205201567,594.0,0.94,,Budget analysts,0.00583705749762214,47160.0,91640.0,58290.0,68200.0,Bachelor's degree,0.08,0.52,0.96,0.32,0.64,0.96,48.95384615384615,0.583185526782547
13-2041,Credit Analysts,0.09122120012594,0.1067712066370412,677.0,0.98,1.0,Credit analysts,0.0054070956730205,64390.0,83510.0,62680.0,58850.0,Bachelor's degree,0.1111111111111111,0.5555555555555556,1.0,0.2222222222222222,0.5555555555555556,0.8888888888888888,54.445454545454545,0.5922188891918917
13-2051,Financial and Investment Analysts,,,217.0,0.23,,Financial analysts,0.02918528748811084,361980.0,102740.0,220810.0,74350.0,Bachelor's degree,0.0,0.4615384615384615,0.9230769230769232,0.1538461538461538,0.5,0.8461538461538463,,
13-2052,Personal Financial Advisors,0.1308735571607396,0.1446889228906056,324.0,0.58,,Personal financial advisors,0.026006175815298783,266800.0,105070.0,155360.0,64750.0,Bachelor's degree,0.0526315789473684,0.5,0.9473684210526316,0.3947368421052631,0.6710526315789473,0.9473684210526316,40.41428571428572,0.5954692556634305
13-2053,Insurance Underwriters,0.0738148290113659,0.0907775380320902,698.0,0.99,1.0,Insurance underwriters,0.005124797505352733,105420.0,81370.0,95350.0,59290.0,Bachelor's degree,0.1428571428571428,0.5714285714285714,1.0,0.1428571428571428,0.5,0.8571428571428571,52.75714285714286,0.5684200760738474
13-2054,Financial Risk Specialists,,,,,,Financial Risk Specialists,,63850.0,117330.0,,,Bachelor's degree,0.0666666666666666,0.5333333333333333,1.0,0.2333333333333333,0.5833333333333334,0.9333333333333332,,
13-2061,Financial Examiners,0.1521686091090834,0.1536658180257429,198.0,0.17,,Financial examiners,0.021042071113079926,67830.0,94160.0,27860.0,74940.0,Bachelor's degree,0.0606060606060606,0.5,0.9393939393939394,0.303030303030303,0.5757575757575758,0.8484848484848485,39.12352941176471,0.6008113240117384
13-2071,Credit Counselors,0.1061335384636069,0.1182164913925094,126.0,0.04,,Credit counselors,0.04061836327865432,27770.0,52230.0,29560.0,38140.0,Bachelor's degree,0.2727272727272727,0.625,0.9772727272727272,0.4545454545454546,0.6931818181818182,0.931818181818182,50.24347826086956,0.5887756039312941
13-2072,Loan Officers,0.096805732122594,0.1063308091665322,686.0,0.98,1.0,Loan oﬃcers,0.007876711111848083,274330.0,76690.0,283330.0,56490.0,Bachelor's degree,0.2045454545454545,0.5909090909090909,0.9772727272727272,0.3409090909090909,0.6477272727272727,0.9545454545454546,50.90588235294118,0.560902934537246
13-2081,"Tax Examiners and Collectors, and Revenue Agents",0.0919604889676521,0.0932148013776888,586.0,0.93,1.0,"Tax examiners and collectors, and revenue agents",0.0048044976612682125,56610.0,62370.0,68530.0,49360.0,Bachelor's degree,0.1935483870967742,0.5806451612903225,0.967741935483871,0.4516129032258064,0.6774193548387096,0.9032258064516128,50.857142857142854,0.570412147505423
13-2082,Tax Preparers,0.1037059504543757,0.1117132891438646,695.0,0.99,,Tax preparers,0.023270055113288383,76480.0,54920.0,56990.0,30990.0,High school diploma or equivalent,0.25,0.625,1.0,0.25,0.625,1.0,57.98333333333333,0.5805687203791469
15-1211,Computer Systems Analysts,0.1658976958960167,0.1563751272313443,,,,Computer Systems Analysts,,519530.0,105850.0,,,Bachelor's degree,0.5882352941176471,0.75,0.9117647058823528,0.1176470588235294,0.4705882352941176,0.8235294117647058,44.945454545454545,0.5681818181818181
15-1212,Information Security Analysts,0.1451401010302948,0.1293799853603366,,,,Information Security Analysts,,190650.0,129180.0,,,Bachelor's degree,0.3478260869565217,0.6521739130434783,0.9565217391304348,0.0869565217391304,0.5434782608695652,1.0,45.82727272727273,0.5724761255115962
15-1221,Computer and Information Research Scientists,0.1570328137372494,0.1597759504169769,,,,Computer and Information Research Scientists,,37200.0,140300.0,,,Master's degree,0.3846153846153846,0.6346153846153847,0.8846153846153847,0.2307692307692307,0.5,0.7692307692307693,34.55333333333333,0.5848277001900669
15-1231,Computer Network Support Specialists,0.120807652603648,0.1098439098672278,,,,Computer Network Support Specialists,,146190.0,76220.0,,,Associate's degree,0.4615384615384615,0.6346153846153847,0.8076923076923077,0.2307692307692307,0.5384615384615385,0.8461538461538463,53.25769230769231,0.5343964712867928
15-1232,Computer User Support Specialists,0.1748940764091354,0.1648187707768026,,,,Computer User Support Specialists,,717190.0,61860.0,,,"Some college, no degree",0.4444444444444444,0.611111111111111,0.7777777777777777,0.4814814814814814,0.6666666666666666,0.8518518518518519,38.45,0.5223084384093113
15-1241,Computer Network Architects,0.159991055045714,0.1526059194157834,,,,Computer Network Architects,,179740.0,134050.0,,,Bachelor's degree,0.390625,0.6640625,0.9375,0.203125,0.5546875,0.90625,45.24545454545454,0.5625564774500945
15-1242,Database Administrators,0.1704161663334792,0.1584588253136837,,,,Database Administrators,,69990.0,104620.0,,,Bachelor's degree,0.8709677419354839,0.935483870967742,1.0,0.2903225806451612,0.5967741935483871,0.9032258064516128,52.93888888888889,0.5824683820322721
15-1243,Database Architects,0.1676505092699092,0.158849107269603,,,,Database Architects,,67140.0,139500.0,,,Bachelor's degree,0.7560975609756098,0.8780487804878049,1.0,0.2439024390243902,0.5975609756097561,0.951219512195122,49.332,0.5750475531730935
15-1244,Network and Computer Systems Administrators,0.1522104101280302,0.1386739080814818,,,,Network and Computer Systems Administrators,,314340.0,99130.0,,,Bachelor's degree,0.5405405405405406,0.7297297297297298,0.918918918918919,0.1621621621621621,0.5135135135135136,0.8648648648648649,47.765,0.532005120819331
15-1251,Computer Programmers,0.1906889773484094,0.1752878527427509,,,,Computer Programmers,,92230.0,100390.0,,,Bachelor's degree,0.9,0.95,1.0,0.4333333333333333,0.6833333333333333,0.9333333333333332,55.3235294117647,0.569993778330815
15-1252,Software Developers,0.1752804053528834,0.1641997233824697,,,,Software Developers,,1687890.0,135980.0,,,Bachelor's degree,0.7894736842105263,0.8684210526315789,0.9473684210526316,0.0526315789473684,0.4473684210526315,0.8421052631578947,46.71176470588235,0.5718039322279606
15-1253,Software Quality Assurance Analysts and Testers,0.1819325276835149,0.1548124308502102,,,,Software Quality Assurance Analysts and Testers,,186740.0,104300.0,,,Bachelor's degree,0.8070175438596491,0.8771929824561403,0.9473684210526316,0.3157894736842105,0.6140350877192982,0.912280701754386,55.5,0.5779720279720278
15-1254,Web Developers,0.1674451291700198,0.1518270925416311,,,,Web Developers,,70190.0,92650.0,,,Bachelor's degree,0.8653846153846154,0.9326923076923076,1.0,0.3076923076923077,0.6346153846153847,0.9615384615384616,54.48518518518518,0.5596138794677799
15-1255,Web and Digital Interface Designers,,,,,,Web and Digital Interface Designers,,113330.0,104000.0,,,Bachelor's degree,0.6666666666666666,0.8333333333333333,1.0,0.3666666666666666,0.6833333333333333,1.0,,
15-2011,Actuaries,0.0968974432991964,0.1116981764291122,209.0,0.21,,Actuaries,0.010749045615040783,26670.0,130000.0,18320.0,87650.0,Bachelor's degree,0.0,0.5,1.0,0.2222222222222222,0.537037037037037,0.8518518518518519,32.34,0.6070235546038544
15-2021,Mathematicians,0.0874996546678737,0.1087079977602797,135.0,0.047,,Mathematicians,0.040303492245486454,2030.0,126710.0,2830.0,99380.0,Master's degree,1.0,1.0,1.0,0.3809523809523809,0.6904761904761905,1.0,42.108333333333334,0.6331015537814404
15-2031,Operations Research Analysts,0.1490016778437066,0.1581319866364547,117.0,0.035,,Operations research analysts,0.07228570311787465,108510.0,88940.0,62210.0,70960.0,Bachelor's degree,0.2580645161290322,0.6290322580645161,1.0,0.2580645161290322,0.6290322580645161,1.0,41.34117647058824,0.618237347294939
15-2041,Statisticians,0.1280152295639296,0.1460676448861348,213.0,0.22,,Statisticians,0.052517481606353375,29030.0,105650.0,22830.0,72830.0,Master's degree,0.5789473684210527,0.7894736842105263,1.0,0.4736842105263157,0.7105263157894737,0.9473684210526316,54.75789473684211,0.6033548387096774
15-2051,Data Scientists,,,,,,Data Scientists,,262440.0,120230.0,,,Bachelor's degree,0.5,0.75,1.0,0.25,0.59375,0.9375,,
17-1011,"Architects, Except Landscape and Naval",0.1369326336051773,0.1413658677620382,82.0,0.018,,"Architects, except landscape and naval",0.00901616917043422,106770.0,99280.0,87700.0,72550.0,Bachelor's degree,0.0697674418604651,0.4883720930232558,0.9069767441860463,0.1627906976744186,0.4302325581395348,0.6976744186046512,38.1,0.5879791618070134
17-1012,Landscape Architects,0.1347716509931797,0.1379074118967123,133.0,0.045,0.0,Landscape architects,0.01336790400125074,19600.0,79870.0,16680.0,62090.0,Bachelor's degree,0.0,0.4210526315789473,0.8421052631578947,0.0526315789473684,0.3684210526315789,0.6842105263157894,30.710526315789473,0.5729216915902878
17-1021,Cartographers and Photogrammetrists,0.1277477496423458,0.1354321977087302,515.0,0.88,,Cartographers and photogrammetrists,0.008816388928700134,14260.0,81390.0,11670.0,54510.0,Bachelor's degree,0.04,0.52,1.0,0.08,0.46,0.84,54.07142857142857,0.5420335603920917
17-1022,Surveyors,0.1235544035042154,0.1347513147473483,262.0,0.38,1.0,Surveyors,0.0127034175450482,50830.0,75440.0,43950.0,54880.0,Bachelor's degree,0.1111111111111111,0.4888888888888889,0.8666666666666667,0.1333333333333333,0.4333333333333333,0.7333333333333334,32.63333333333333,0.4930309964634906
17-2011,Aerospace Engineers,0.1482174168280873,0.1512807425285499,79.0,0.017,,Aerospace engineers,0.008175789240531,67710.0,134960.0,78450.0,97480.0,Bachelor's degree,0.2142857142857142,0.5714285714285714,0.9285714285714284,0.1428571428571428,0.5178571428571428,0.8928571428571428,33.82142857142857,0.5901107133938233
17-2021,Agricultural Engineers,0.1202810874640859,0.1233019565720319,295.0,0.49,,Agricultural engineers,0.01368060351005195,1480.0,98590.0,2520.0,71090.0,Bachelor's degree,0.074074074074074,0.4259259259259259,0.7777777777777777,0.0,0.3333333333333333,0.6666666666666666,28.071428571428573,0.5295173961840628
17-2031,Bioengineers and Biomedical Engineers,0.1351223276336779,0.1430948932018589,120.0,0.037,,Biomedical engineers,0.0069054474860262005,23480.0,109370.0,15280.0,81540.0,Bachelor's degree,0.2307692307692307,0.5897435897435898,0.9487179487179488,0.2564102564102564,0.5384615384615384,0.8205128205128205,37.4,0.5739213197969544
17-2041,Chemical Engineers,0.1152155365626855,0.1195785978347429,77.0,0.017,,Chemical engineers,0.006384281638024225,21070.0,125040.0,28720.0,90300.0,Bachelor's degree,0.0769230769230769,0.4615384615384615,0.8461538461538463,0.0769230769230769,0.3461538461538461,0.6153846153846154,38.58571428571429,0.5852881078872088
17-2051,Civil Engineers,0.1388706977382235,0.141903827798686,84.0,0.019,0.0,Civil engineers,0.0039087438600148,367840.0,100840.0,249120.0,77560.0,Bachelor's degree,0.0714285714285714,0.4464285714285714,0.8214285714285714,0.1428571428571428,0.375,0.6071428571428571,28.46875,0.5917749262771976
17-2061,Computer Hardware Engineers,0.1620945919608619,0.1554717479060174,214.0,0.22,,Computer hardware engineers,0.11121306935042259,76660.0,161740.0,66960.0,98810.0,Bachelor's degree,0.5454545454545454,0.7272727272727273,0.9090909090909092,0.1818181818181818,0.3181818181818182,0.4545454545454546,45.2,0.5741208144034999
17-2071,Electrical Engineers,0.1480976487566473,0.1497971431419262,172.0,0.1,0.0,Electrical engineers,0.01113992000104229,198750.0,120630.0,148770.0,84540.0,Bachelor's degree,0.28125,0.5625,0.84375,0.15625,0.40625,0.65625,44.195454545454545,0.5731796412046432
17-2072,"Electronics Engineers, Except Computer",0.1641029846877101,0.1663219432482358,98.0,0.025,,"Electronics engineers, except computer",0.010255799366038928,96900.0,130220.0,133660.0,90170.0,Bachelor's degree,0.2941176470588235,0.5735294117647058,0.8529411764705882,0.3529411764705882,0.5147058823529411,0.6764705882352942,40.14,0.5457199938527738
17-2081,Environmental Engineers,0.1576421590486012,0.1565342422359246,81.0,0.018,,Environmental engineers,0.003094422222511725,38340.0,107110.0,49800.0,78740.0,Bachelor's degree,0.1296296296296296,0.5555555555555556,0.9814814814814814,0.2407407407407407,0.5,0.7592592592592592,36.255172413793105,0.6027244688142562
17-2111,"Health and Safety Engineers, Except Mining Safety Engineers and Inspectors",0.1258107167911049,0.1314787145092668,103.0,0.028,,"Health and safety engineers, except mining safety engineers and inspectors",0.0048207840940183,21450.0,115160.0,23390.0,75430.0,Bachelor's degree,0.12,0.47,0.8200000000000001,0.4,0.52,0.64,37.816,0.5254392666157371
17-2112,Industrial Engineers,0.1601272634692988,0.1688017059529018,104.0,0.029,,Industrial engineers,0.003329670695568156,365740.0,102440.0,202990.0,76100.0,Bachelor's degree,0.0526315789473684,0.5263157894736842,1.0,0.3157894736842105,0.6052631578947368,0.894736842105263,45.07,0.5499234426625835
17-2121,Marine Engineers and Naval Architects,0.1402416573748436,0.1386574021571807,51.0,0.01,,Marine engineers and naval architects,0.006436398222824399,8250.0,112230.0,5720.0,79920.0,Bachelor's degree,0.1052631578947368,0.4210526315789473,0.7368421052631579,0.2631578947368421,0.4035087719298245,0.5438596491228069,29.566666666666666,0.5059326056003797
17-2131,Materials Engineers,0.1298876013172302,0.1373197627449348,88.0,0.021,,Materials engineers,0.00286641216401085,22770.0,112860.0,21830.0,83120.0,Bachelor's degree,0.1463414634146341,0.4878048780487805,0.8292682926829269,0.1463414634146341,0.3170731707317073,0.4878048780487805,31.68095238095238,0.5541617357001973
17-2141,Mechanical Engineers,0.1507384200704838,0.1521098402755493,53.0,0.011,,Mechanical engineers,0.004647062144684267,296810.0,104110.0,234400.0,78160.0,Bachelor's degree,0.0232558139534883,0.4534883720930232,0.8837209302325582,0.1860465116279069,0.3720930232558139,0.5581395348837209,38.0,0.5780573809905434
17-2151,"Mining and Geological Engineers, Including Mining Safety Engineers",0.1393153513905034,0.1402341371063531,189.0,0.14,,"Mining and geological engineers, including mining safety engineers",,6080.0,106220.0,6270.0,82870.0,Bachelor's degree,0.1111111111111111,0.4814814814814814,0.8518518518518519,0.4074074074074074,0.5,0.5925925925925926,24.43888888888889,0.5878062316657416
17-2161,Nuclear Engineers,0.1328924533604435,0.1294869617370073,153.0,0.07,,Nuclear engineers,0.029923605772780318,15280.0,133970.0,18610.0,99920.0,Bachelor's degree,0.25,0.55,0.8500000000000001,0.25,0.475,0.7000000000000001,30.76,0.5877984508504353
17-2171,Petroleum Engineers,0.1434367208960136,0.1453437269266842,193.0,0.16,,Petroleum engineers,0.0019543719300074,18060.0,144910.0,28210.0,114080.0,Bachelor's degree,0.1666666666666666,0.5277777777777778,0.8888888888888888,0.0833333333333333,0.4305555555555555,0.7777777777777777,31.82608695652174,0.59375
17-3011,Architectural and Civil Drafters,0.1371540065339887,0.1461863596017581,305.0,0.52,,Architectural and civil drafters,0.0051465127490195,103700.0,66150.0,89670.0,46430.0,Associate's degree,0.12,0.54,0.96,0.18,0.52,0.86,48.824,0.5355979146301726
17-3012,Electrical and Electronics Drafters,0.1420976581559145,0.1450361743582183,443.0,0.81,1.0,Electrical and electronics drafters,0.013126864796549826,17920.0,76870.0,27960.0,53020.0,Associate's degree,0.1914893617021276,0.5744680851063829,0.9574468085106382,0.2553191489361702,0.4893617021276595,0.7234042553191489,53.96296296296296,0.5388454500083181
17-3013,Mechanical Drafters,0.1417883397183555,0.1472789700456241,378.0,0.68,,Mechanical drafters,0.0091638328273681,39960.0,71550.0,64440.0,48810.0,Associate's degree,0.0689655172413793,0.5,0.9310344827586208,0.0689655172413793,0.4655172413793103,0.8620689655172413,45.666666666666664,0.5403162400628986
17-3021,Aerospace Engineering and Operations Technologists and Technicians,0.1441063120685821,0.1309994405580638,290.0,0.48,,Aerospace engineering and operations technicians,0.0019543719300074,11280.0,82890.0,8480.0,58080.0,Associate's degree,0.1,0.325,0.55,0.0,0.225,0.45,23.60909090909091,0.5032627025441747
17-3022,Civil Engineering Technologists and Technicians,0.1365229155740591,0.1377777425820125,413.0,0.75,1.0,Civil engineering technicians,0.04460311049150276,68520.0,64950.0,77050.0,46290.0,Associate's degree,0.1818181818181818,0.5909090909090909,1.0,0.2727272727272727,0.4772727272727273,0.6818181818181819,42.378571428571426,0.546235874582206
17-3023,Electrical and Electronic Engineering Technologists and Technicians,0.1553051894518752,0.1506833736667508,474.0,0.84,,Electrical and electronics engineering technicians,0.027252630801770168,95130.0,78190.0,147750.0,56040.0,Associate's degree,0.1886792452830188,0.4056603773584905,0.6226415094339622,0.0943396226415094,0.330188679245283,0.5660377358490566,39.15769230769231,0.4981169026815306
17-3024,Electro-Mechanical and Mechatronics Technologists and Technicians,0.13112845095266,0.1308797156390314,444.0,0.81,,Electro-mechanical technicians,0.014397206551054649,15520.0,73900.0,15970.0,49550.0,Associate's degree,0.1707317073170731,0.3536585365853659,0.5365853658536586,0.0975609756097561,0.2317073170731707,0.3658536585365853,29.484615384615385,0.45415705954157054
17-3025,Environmental Engineering Technologists and Technicians,0.1330143704693698,0.1307753864788318,225.0,0.25,,Environmental engineering technicians,0.007328894737527775,12190.0,59920.0,18450.0,43390.0,Associate's degree,0.1052631578947368,0.4078947368421052,0.7105263157894737,0.2368421052631578,0.4342105263157894,0.631578947368421,35.830769230769235,0.4820563241800689
17-3026,Industrial Engineering Technologists and Technicians,0.1574414468347763,0.1601617909951452,108.0,0.03,,Industrial engineering technicians,0.005255088967353268,75570.0,66120.0,61630.0,48210.0,Associate's degree,0.1111111111111111,0.4444444444444444,0.7777777777777777,0.1666666666666666,0.375,0.5833333333333333,41.271428571428565,0.519525005709066
17-3027,Mechanical Engineering Technologists and Technicians,0.1452583171403758,0.1504902396738432,263.0,0.38,,Mechanical engineering technicians,0.010770760858707533,36190.0,74510.0,44170.0,50110.0,Associate's degree,0.1632653061224489,0.4795918367346938,0.7959183673469387,0.2244897959183673,0.4081632653061224,0.5918367346938775,38.25769230769231,0.4771848938911113
17-3028,Calibration Technologists and Technicians,,,,,,Calibration Technologists and Technicians,,16540.0,67820.0,,,Associate's degree,0.2,0.4,0.6,0.0666666666666666,0.2666666666666666,0.4666666666666667,,
17-3031,Surveying and Mapping Technicians,0.1287121062424074,0.1367044265445372,635.0,0.96,,Surveying and mapping technicians,,58010.0,54240.0,53870.0,37900.0,High school diploma or equivalent,0.0851063829787234,0.5,0.9148936170212766,0.1063829787234042,0.5106382978723404,0.9148936170212766,58.33157894736842,0.47103141716266106
19-1011,Animal Scientists,0.0827673315312672,0.0908239837241383,147.0,0.061,,Animal scientists,0.00355044233951345,3100.0,68940.0,2440.0,58250.0,Bachelor's degree,0.125,0.53125,0.9375,0.75,0.84375,0.9375,31.95555555555556,0.5380228136882129
19-1012,Food Scientists and Technologists,0.1155147405259579,0.1254598737375296,158.0,0.077,,Food scientists and technologists,0.012529695595714216,13060.0,88720.0,10480.0,60180.0,Bachelor's degree,0.0,0.3461538461538461,0.6923076923076923,0.2307692307692307,0.5,0.7692307692307693,30.446153846153848,0.5326539720321333
19-1013,Soil and Plant Scientists,0.0959199826145065,0.0980556477111561,86.0,0.021,,Soil and plant scientists,0.025224427043295798,15730.0,78850.0,12120.0,57340.0,Bachelor's degree,0.0,0.4891304347826087,0.9782608695652174,0.4347826086956521,0.6304347826086957,0.8260869565217391,20.51851851851852,0.5219975356961658
19-1021,Biochemists and Biophysicists,0.0920200498650873,0.1004033299409525,99.0,0.027,,Biochemists and biophysicists,0.009887674282926423,33830.0,127410.0,22800.0,79390.0,Doctoral or professional degree,0.1363636363636363,0.4545454545454546,0.7727272727272727,0.2045454545454545,0.4431818181818182,0.6818181818181819,19.725,0.5642177388656262
19-1022,Microbiologists,0.0826150904730261,0.0914968011431494,56.0,0.012,,Microbiologists,0.009976603376037858,18940.0,87990.0,18330.0,65920.0,Bachelor's degree,0.0833333333333333,0.3958333333333333,0.7083333333333333,0.0833333333333333,0.3125,0.5416666666666666,8.435714285714285,0.5341931613677264
19-1023,Zoologists and Wildlife Biologists,0.095954044795983,0.1043104545803471,240.0,0.3,0.0,Zoologists and wildlife biologists,0.0396086044481505,18120.0,76780.0,17440.0,57430.0,Bachelor's degree,0.0952380952380952,0.4523809523809523,0.8095238095238095,0.2857142857142857,0.5238095238095237,0.7619047619047619,23.307142857142857,0.5040615027560198
19-1031,Conservation Scientists,0.1347465373503127,0.1342597480766693,75.0,0.016,,Conservation scientists,0.005146512749019525,25950.0,73010.0,18880.0,59310.0,Bachelor's degree,0.0,0.4322033898305085,0.864406779661017,0.2711864406779661,0.5508474576271186,0.8305084745762712,31.58,0.495484518348624
19-1032,Foresters,0.0988742672205913,0.0959587765111069,43.0,0.0081,,Foresters,,10430.0,76400.0,9470.0,54540.0,Bachelor's degree,0.0,0.3676470588235294,0.7352941176470588,0.1764705882352941,0.3676470588235294,0.5588235294117647,16.332,0.48542811434930794
19-1041,Epidemiologists,0.0982634423467753,0.1153757916315324,206.0,0.2,,Epidemiologists,0.010510177934706549,12090.0,87220.0,4710.0,63010.0,Master's degree,0.0,0.4423076923076923,0.8846153846153847,0.3461538461538461,0.5576923076923077,0.7692307692307693,32.38125,0.616098562628337
19-1042,"Medical Scientists, Except Epidemiologists",0.093597856493076,0.1064379637147055,21.0,0.0045,,"Medical scientists, except epidemiologists",0.006080268226689716,172340.0,103410.0,93560.0,76700.0,Doctoral or professional degree,0.1818181818181818,0.5227272727272727,0.8636363636363636,0.3636363636363636,0.5681818181818182,0.7727272727272727,24.50714285714286,0.573100831516913
19-2011,Astronomers,0.093299957379479,0.1017705593728846,128.0,0.041,,Astronomers,0.01903703028118339,2120.0,128820.0,1840.0,87260.0,Doctoral or professional degree,0.0625,0.4375,0.8125,0.25,0.421875,0.59375,37.26470588235294,0.597780636860727
19-2012,Physicists,0.1012503640126742,0.1142472865283413,175.0,0.1,0.0,Physicists,0.01863167906607075,20430.0,172250.0,16860.0,106370.0,Doctoral or professional degree,0.5454545454545454,0.75,0.9545454545454546,0.5,0.6363636363636364,0.7727272727272727,32.9,0.6107414448669204
19-2021,Atmospheric and Space Scientists,0.1001142898555593,0.1186760359365006,371.0,0.67,,Atmospheric and space scientists,0.0149835181300569,10000.0,99070.0,8640.0,87780.0,Bachelor's degree,0.1739130434782608,0.5652173913043478,0.9565217391304348,0.3478260869565217,0.6086956521739131,0.8695652173913043,40.75185185185185,0.5897501274859767
19-2031,Chemists,0.1492958923345178,0.1485340664307379,173.0,0.1,,Chemists,0.037412262660142116,82770.0,91240.0,80180.0,68320.0,Bachelor's degree,0.08,0.38,0.68,0.28,0.4,0.52,24.28333333333333,0.5339410834023957
19-2032,Materials Scientists,0.1077139982696853,0.1173921563923831,87.0,0.021,,Materials scientists,0.0345923831611314,8470.0,117790.0,8390.0,84720.0,Bachelor's degree,0.1379310344827586,0.4827586206896551,0.8275862068965517,0.4482758620689655,0.5172413793103449,0.5862068965517241,23.09375,0.573325635103926
19-2041,"Environmental Scientists and Specialists, Including Health",0.1342385284574185,0.1420357376474425,113.0,0.033,,"Environmental scientists and specialists, including health",0.011449362223293461,89250.0,82220.0,81690.0,61700.0,Bachelor's degree,0.032258064516129,0.5,0.967741935483871,0.4838709677419355,0.7258064516129032,0.967741935483871,35.91818181818182,0.5489919196673727
19-2042,"Geoscientists, Except Hydrologists and Geographers",0.1109498139982381,0.1157261796311679,346.0,0.63,,"Geoscientists, except hydrologists and geographers",0.013159437662049949,23470.0,101920.0,30830.0,82500.0,Bachelor's degree,0.1111111111111111,0.4666666666666667,0.8222222222222223,0.2888888888888889,0.4777777777777778,0.6666666666666667,27.128125,0.5326865671641791
19-2043,Hydrologists,0.1131523169370629,0.1179580861087298,60.0,0.014,,Hydrologists,0.01637329372472885,5850.0,96600.0,6910.0,75690.0,Bachelor's degree,0.125,0.5,0.875,0.2916666666666666,0.53125,0.7708333333333333,28.044,0.5338576779026217
19-3011,Economists,0.095650041770362,0.1177724909164652,282.0,0.43,0.0,Economists,0.03889200140714775,17790.0,124720.0,13250.0,89450.0,Master's degree,0.0,0.5,1.0,0.3333333333333333,0.4583333333333333,0.5833333333333333,31.857142857142858,0.6019798448229734
19-3022,Survey Researchers,0.1566328506421362,0.1703326035405709,215.0,0.23,,Survey researchers,0.012725132788714977,8290.0,69460.0,17850.0,36050.0,Master's degree,0.25,0.625,1.0,0.75,0.84375,0.9375,46.0,0.6022349228013307
19-3032,Industrial-Organizational Psychologists,0.1263422121444056,0.1444180552555363,57.0,0.012,,Industrial-organizational psychologists,0.023639757136714783,790.0,193950.0,1420.0,87330.0,Master's degree,0.0888888888888888,0.4888888888888889,0.888888888888889,0.3555555555555555,0.5888888888888889,0.8222222222222223,31.9,0.6107906345436037
19-3033,Clinical and Counseling Psychologists,0.1174667241063298,0.1355240402274043,,,,Clinical and Counseling Psychologists,,75990.0,100580.0,,,Doctoral or professional degree,0.0925925925925925,0.3703703703703703,0.6481481481481481,0.3333333333333333,0.5092592592592592,0.6851851851851851,25.746666666666666,0.5971551497058565
19-3034,School Psychologists,0.1025674062076052,0.1229868993703971,,,,School Psychologists,,63940.0,95990.0,,,Master's degree,0.0,0.3918918918918919,0.7837837837837838,0.3243243243243243,0.5810810810810811,0.8378378378378379,29.90526315789474,0.5966253625098866
19-3041,Sociologists,0.1163019858609109,0.1354925551726073,145.0,0.059,,Sociologists,0.028338392985107624,2260.0,106030.0,3710.0,72360.0,Master's degree,0.1538461538461538,0.5384615384615385,0.9230769230769232,0.3846153846153846,0.6153846153846154,0.8461538461538463,28.533333333333335,0.591618203637035
19-3051,Urban and Regional Planners,0.1400682307205507,0.1434847078195067,184.0,0.13,,Urban and regional planners,0.0053419499420202495,44230.0,89320.0,38830.0,63040.0,Master's degree,0.0,0.4772727272727273,0.9545454545454546,0.2727272727272727,0.5795454545454546,0.8863636363636364,33.56842105263158,0.581489956775998
19-3091,Anthropologists and Archeologists,0.1023965878439773,0.1180978363083776,39.0,0.0077,,Anthropologists and archeologists,0.02979665511749779,8990.0,70770.0,5100.0,54230.0,Master's degree,0.0517241379310344,0.4396551724137931,0.8275862068965517,0.293103448275862,0.5172413793103449,0.7413793103448276,21.026666666666664,0.567469974095298
19-3092,Geographers,0.0977817842237595,0.1137584871060111,222.0,0.25,,Geographers,0.011530794387043767,1400.0,102040.0,1300.0,72800.0,Bachelor's degree,0.1666666666666666,0.4999999999999999,0.8333333333333333,0.0833333333333333,0.375,0.6666666666666666,28.71666666666667,0.5891817870592263
19-3093,Historians,0.1051093227454251,0.1300815291641434,283.0,0.44,,Historians,0.02597600305567761,3450.0,76750.0,3320.0,53520.0,Master's degree,0.1052631578947368,0.4736842105263157,0.8421052631578947,0.3157894736842105,0.5,0.6842105263157894,31.890476190476193,0.5666302566903331
19-3094,Political Scientists,0.1121797039660938,0.1290767726500434,125.0,0.039,,Political scientists,0.04039035322015344,5540.0,142080.0,4470.0,107420.0,Master's degree,0.0416666666666666,0.4791666666666666,0.9166666666666666,0.25,0.5416666666666666,0.8333333333333333,30.74285714285714,0.5889284735543985
19-4012,Agricultural Technicians,0.1131139514383688,0.114893031922817,,,,Agricultural Technicians,,15130.0,49630.0,,,Associate's degree,0.1944444444444444,0.3194444444444444,0.4444444444444444,0.1111111111111111,0.1666666666666666,0.2222222222222222,10.688461538461537,0.4634322954380883
19-4013,Food Science Technicians,0.1070025705435603,0.112748767394744,,,,Food Science Technicians,,14600.0,52130.0,,,Associate's degree,0.2857142857142857,0.3571428571428571,0.4285714285714285,0.1071428571428571,0.2857142857142857,0.4642857142857142,28.55,0.5012391078423534
19-4021,Biological Technicians,0.1243214489260106,0.1304100230492105,238.0,0.3,,Biological technicians,0.033094031348125726,69620.0,57510.0,72940.0,39020.0,Bachelor's degree,0.2,0.4166666666666666,0.6333333333333333,0.0666666666666666,0.2666666666666666,0.4666666666666667,21.147058823529413,0.49678143712574846
19-4031,Chemical Technicians,0.1473248426996299,0.1486031641236306,319.0,0.57,,Chemical technicians,0.016472563410062542,57540.0,60390.0,59440.0,42040.0,Associate's degree,0.1428571428571428,0.3928571428571428,0.6428571428571428,0.2857142857142857,0.3928571428571428,0.5,27.50625,0.4967477892275086
19-4042,"Environmental Science and Protection Technicians, Including Health",0.1149210064101721,0.1210581118354505,,,,"Environmental Science and Protection Technicians, Including Health",,34670.0,55090.0,,,Associate's degree,0.2444444444444444,0.4555555555555556,0.6666666666666667,0.2444444444444444,0.4222222222222222,0.6,32.224000000000004,0.48868290579866347
19-4043,"Geological Technicians, Except Hydrologic Technicians",0.1352760563139971,0.1427448183707767,,,,"Geological Technicians, Except Hydrologic Technicians",,6980.0,53350.0,,,Associate's degree,0.048780487804878,0.3902439024390244,0.7317073170731707,0.073170731707317,0.3048780487804878,0.5365853658536586,28.44782608695652,0.4769694685261968
19-4044,Hydrologic Technicians,,,,,,Hydrologic Technicians,,2840.0,64790.0,,,Associate's degree,0.1875,0.5,0.8125,0.25,0.53125,0.8125,,
19-4051,Nuclear Technicians,0.115759321051715,0.1089339226051117,489.0,0.85,,Nuclear technicians,0.0032138560626788332,6470.0,110240.0,6960.0,68090.0,Associate's degree,0.0714285714285714,0.1428571428571428,0.2142857142857142,0.0714285714285714,0.25,0.4285714285714285,26.3875,0.4633439182659119
19-4061,Social Science Research Assistants,0.1571401469547439,0.1680832262392397,357.0,0.65,,Social science research assistants,0.017516963224510945,30640.0,61990.0,25830.0,37230.0,Bachelor's degree,0.4242424242424242,0.6666666666666667,0.9090909090909092,0.3939393939393939,0.6212121212121212,0.8484848484848485,55.61818181818182,0.5766815327204877
19-4071,Forest and Conservation Technicians,0.1262457859571899,0.1251823118882729,,,,Forest and Conservation Technicians,,30410.0,54560.0,,,Associate's degree,0.0769230769230769,0.3269230769230769,0.576923076923077,0.1153846153846153,0.3269230769230769,0.5384615384615385,21.315,0.4462676529926025
19-4092,Forensic Science Technicians,0.1049717448614381,0.1185209827597041,49.0,0.0095,,Forensic science technicians,0.00214980912300815,19120.0,72060.0,12390.0,51570.0,Bachelor's degree,0.064516129032258,0.3870967741935484,0.7096774193548387,0.064516129032258,0.1935483870967742,0.3225806451612903,15.270833333333334,0.48526279628993474
19-5011,Occupational Health and Safety Specialists,0.1320618137922829,0.1387375487700516,,,,Occupational Health and Safety Specialists,,140610.0,90150.0,,,Bachelor's degree,0.0476190476190476,0.3333333333333333,0.6190476190476191,0.2857142857142857,0.3571428571428571,0.4285714285714285,27.086363636363636,0.5220631641086187
19-5012,Occupational Health and Safety Technicians,0.1182847493780384,0.123351793638429,,,,Occupational Health and Safety Technicians,,30590.0,61560.0,,,High school diploma or equivalent,0.125,0.3958333333333333,0.6666666666666666,0.25,0.4166666666666666,0.5833333333333333,28.576923076923077,0.49861079822782917
21-1011,Substance Abuse and Behavioral Disorder Counselors,0.117263645455531,0.1252935295938481,114.0,0.033,0.0,Substance abuse and behavioural disorder counselors,0.013582884913551575,,,77940.0,38120.0,,0.0888888888888888,0.2,0.3111111111111111,0.1777777777777777,0.2888888888888889,0.4,30.308695652173913,0.5247133254250691
21-1012,"Educational, Guidance, and Career Counselors and Advisors",0.1004351365699771,0.1222110373931548,44.0,0.0085,,"Educational, guidance, school, and vocational counselors",0.03122986119950324,353310.0,64330.0,246890.0,53380.0,Master's degree,0.0526315789473684,0.2894736842105263,0.5263157894736842,0.2456140350877192,0.3245614035087719,0.4035087719298245,33.065714285714286,0.589941096511101
21-1013,Marriage and Family Therapists,0.1215966045346758,0.133660433428844,62.0,0.014,0.0,Marriage and family therapists,0.019217990645073003,66740.0,66940.0,33050.0,45720.0,Master's degree,0.074074074074074,0.1111111111111111,0.1481481481481481,0.1851851851851851,0.2777777777777778,0.3703703703703703,24.353333333333335,0.5858996539792387
21-1014,Mental Health Counselors,0.1144271584813037,0.1228990492802137,25.0,0.0048,,Mental health counselors,0.072116324217274,,,110300.0,38150.0,,0.0784313725490196,0.2549019607843137,0.4313725490196078,0.1176470588235294,0.2647058823529412,0.4117647058823529,27.074074074074073,0.5728269053794026
21-1015,Rehabilitation Counselors,0.1348503011340203,0.1458658365396646,47.0,0.0094,,Rehabilitation counselors,0.0033441475246793334,94740.0,46850.0,111490.0,32350.0,Master's degree,0.064516129032258,0.3548387096774194,0.6451612903225806,0.2580645161290322,0.4677419354838709,0.6774193548387096,36.188235294117646,0.555227089492072
21-1021,"Child, Family, and School Social Workers",0.0950139979053283,0.1038044655590608,102.0,0.028,,"Child, family, and school social workers",0.00319214081901205,392550.0,59550.0,276100.0,40210.0,Bachelor's degree,0.0571428571428571,0.2428571428571428,0.4285714285714285,0.1714285714285714,0.3,0.4285714285714285,24.057142857142857,0.522886079924629
21-1022,Healthcare Social Workers,0.1112730854763945,0.1184133070947676,8.0,0.0035,,Healthcare social workers,0.004690492632017775,187630.0,67880.0,143080.0,47230.0,Master's degree,0.03125,0.34375,0.65625,0.1875,0.421875,0.65625,26.776470588235295,0.5470439189189189
21-1023,Mental Health and Substance Abuse Social Workers,0.1170422046561275,0.1257396913367653,4.0,0.0031,,Mental health and substance abuse social workers,0.009152975205534725,132810.0,60280.0,119960.0,38600.0,Master's degree,0.0,0.2708333333333333,0.5416666666666666,0.1666666666666666,0.3541666666666666,0.5416666666666666,26.5,0.5648655276710538
21-1091,Health Education Specialists,0.1160670262637125,0.1330760495448358,134.0,0.045,,Health educators,0.0067534407803589505,65690.0,64070.0,58150.0,45830.0,Bachelor's degree,0.2580645161290322,0.532258064516129,0.8064516129032258,0.2580645161290322,0.5,0.7419354838709677,38.8875,0.5295616717635064
21-1092,Probation Officers and Correctional Treatment Specialists,0.1003694556963691,0.1015162913675414,224.0,0.25,,Probation oﬃcers and correctional treatment specialists,,89390.0,66270.0,89900.0,47200.0,Bachelor's degree,0.1578947368421052,0.3947368421052631,0.631578947368421,0.2894736842105263,0.4473684210526315,0.6052631578947368,32.52857142857143,0.4941976790716286
21-1093,Social and Human Service Assistants,0.1132600535462472,0.1266632930982714,185.0,0.13,,Social and human service assistants,0.0039087438600148,437860.0,45930.0,357500.0,28200.0,High school diploma or equivalent,0.2142857142857142,0.3928571428571428,0.5714285714285714,0.2857142857142857,0.375,0.4642857142857142,34.22105263157895,0.5257766027759418
21-1094,Community Health Workers,0.0909781001092054,0.1020960532306562,,,,Community Health Workers,0.00491850269051865,61660.0,51850.0,,,High school diploma or equivalent,0.0833333333333333,0.3194444444444444,0.5555555555555556,0.2777777777777778,0.3472222222222222,0.4166666666666666,25.832142857142856,0.4830553249301834
21-2011,Clergy,0.0811962701651445,0.0848187891003858,42.0,0.0081,0.0,Clergy,0.06117776374841424,57200.0,60810.0,42820.0,43970.0,Bachelor's degree,0.1904761904761904,0.3333333333333333,0.4761904761904761,0.1904761904761904,0.238095238095238,0.2857142857142857,18.514285714285716,0.5891812865497075
21-2021,"Directors, Religious Activities and Education",0.0992994366525777,0.1081128873975095,97.0,0.025,,"Directors, religious activities and education",0.0054722414040207406,22160.0,52100.0,16840.0,36170.0,Bachelor's degree,0.1515151515151515,0.4393939393939394,0.7272727272727273,0.303030303030303,0.4545454545454546,0.6060606060606061,32.82631578947369,0.5709759746545806
23-1011,Lawyers,0.110772021995025,0.1172708805068512,115.0,0.035,0.0,Lawyers,0.017545916882733277,754500.0,159670.0,561350.0,112760.0,Doctoral or professional degree,0.0,0.425,0.8500000000000001,0.15,0.475,0.8,23.872727272727275,0.6038748637087981
23-1012,Judicial Law Clerks,0.1240191439559931,0.1245535132372799,276.0,0.41,1.0,Judicial law clerks,0.0153222759312582,13290.0,64920.0,25150.0,39780.0,Doctoral or professional degree,0.1379310344827586,0.5172413793103449,0.896551724137931,0.0,0.4482758620689655,0.896551724137931,43.43888888888889,0.5752793048412841
23-1021,"Administrative Law Judges, Adjudicators, and Hearing Officers",0.1101444191179029,0.1137974703051224,353.0,0.64,,"Administrative law judges, adjudicators, and hearing oﬃcers",0.06414682979157703,16370.0,117860.0,14310.0,85500.0,Doctoral or professional degree,0.1538461538461538,0.5,0.8461538461538463,0.0769230769230769,0.3461538461538461,0.6153846153846154,47.107142857142854,0.578240904274108
23-1022,"Arbitrators, Mediators, and Conciliators",0.104767672101198,0.1120632535689104,146.0,0.06,,"Arbitrators, mediators, and conciliators",0.040539257748154,9210.0,75530.0,6920.0,55800.0,Bachelor's degree,0.0967741935483871,0.5,0.9032258064516128,0.0967741935483871,0.3709677419354839,0.6451612903225806,46.260000000000005,0.5807844217874529
23-1023,"Judges, Magistrate Judges, and Magistrates",0.0891718214817296,0.0928395244495403,271.0,0.4,0.0,"Judges, magistrate judges, and magistrates",0.009511276726036081,24030.0,153990.0,25900.0,119270.0,Doctoral or professional degree,0.0,0.4166666666666666,0.8333333333333333,0.0555555555555555,0.25,0.4444444444444444,27.780952380952378,0.5956148881619663
23-2011,Paralegals and Legal Assistants,0.1267688347083462,0.1303872542588224,609.0,0.94,1.0,Paralegals and legal assistants,0.014679504718722399,392880.0,62890.0,247940.0,46680.0,Associate's degree,0.2,0.525,0.8500000000000001,0.05,0.45,0.8500000000000001,46.050000000000004,0.5508655003239841
23-2093,"Title Examiners, Abstractors, and Searchers",0.1238367391233421,0.134179258411024,701.0,0.99,,"Title examiners, abstractors, and searchers",0.0068403017550259,48580.0,58650.0,50490.0,38990.0,High school diploma or equivalent,0.2142857142857142,0.5714285714285714,0.9285714285714284,0.25,0.5535714285714285,0.8571428571428571,57.7125,0.5500286423524918
25-1011,"Business Teachers, Postsecondary",0.1136135449382477,0.1302870041975107,,,,"Business Teachers, Postsecondary",0.02420525827386972,82150.0,99080.0,79070.0,73760.0,Doctoral or professional degree,0.1818181818181818,0.4886363636363636,0.7954545454545455,0.1818181818181818,0.4204545454545454,0.6590909090909091,35.4,0.5890534682080925
25-1021,"Computer Science Teachers, Postsecondary",0.1157921538117479,0.1306105677639856,,,,"Computer Science Teachers, Postsecondary",0.019398951008962564,35480.0,96980.0,33080.0,70300.0,Doctoral or professional degree,0.1666666666666666,0.5119047619047619,0.8571428571428571,0.1428571428571428,0.369047619047619,0.5952380952380952,31.26923076923077,0.5794696171408501
25-1022,"Mathematical Science Teachers, Postsecondary",0.1101794819042409,0.1265702523531793,,,,"Mathematical Science Teachers, Postsecondary",0.023911911999775038,47670.0,79940.0,51980.0,65710.0,Doctoral or professional degree,0.2972972972972973,0.5405405405405406,0.7837837837837838,0.1891891891891892,0.4324324324324324,0.6756756756756757,34.482608695652175,0.5966672639311952
25-1031,"Architecture Teachers, Postsecondary",0.1143252085898673,0.1301909585170768,,,,"Architecture Teachers, Postsecondary",0.022701371202674465,7700.0,96870.0,7620.0,73500.0,Doctoral or professional degree,0.1951219512195122,0.4878048780487805,0.7804878048780488,0.2195121951219512,0.426829268292683,0.6341463414634146,35.03636363636364,0.5858474576271188
25-1032,"Engineering Teachers, Postsecondary",0.1156178617951629,0.1313652858576105,,,,"Engineering Teachers, Postsecondary",0.022062687565417134,40270.0,109270.0,34400.0,89670.0,Doctoral or professional degree,0.1428571428571428,0.5,0.8571428571428571,0.2142857142857142,0.4166666666666666,0.6190476190476191,32.36666666666667,0.5880508474576271
25-1041,"Agricultural Sciences Teachers, Postsecondary",0.1138641516029417,0.1296872197435712,,,,"Agricultural Sciences Teachers, Postsecondary",0.022395654634973956,8920.0,98700.0,10600.0,78370.0,Doctoral or professional degree,0.2222222222222222,0.5,0.7777777777777778,0.4444444444444445,0.5888888888888889,0.7333333333333334,33.7,0.5254743641501817
25-1042,"Biological Science Teachers, Postsecondary",0.1121917110412249,0.1278343466701534,,,,"Biological Science Teachers, Postsecondary",0.02914620004951072,50190.0,84620.0,54540.0,72700.0,Doctoral or professional degree,0.1428571428571428,0.4693877551020408,0.7959183673469387,0.2040816326530612,0.3979591836734693,0.5918367346938775,30.85925925925926,0.5701500394840748
25-1043,"Forestry and Conservation Science Teachers, Postsecondary",0.1146127731504989,0.1306733302335244,,,,"Forestry and Conservation Science Teachers, Postsecondary",0.024553426013993265,1520.0,101420.0,2410.0,78290.0,Doctoral or professional degree,0.1956521739130434,0.4782608695652174,0.7608695652173912,0.217391304347826,0.4239130434782608,0.6304347826086957,33.284,0.5374917600527357
25-1051,"Atmospheric, Earth, Marine, and Space Sciences Teachers, Postsecondary",0.1144722453564262,0.1295679211356574,,,,"Atmospheric, Earth, Marine, and Space Sciences Teachers, Postsecondary",0.025647874294797424,9900.0,103170.0,10680.0,82840.0,Doctoral or professional degree,0.175,0.475,0.775,0.15,0.4,0.65,31.465384615384615,0.5790359737728158
25-1052,"Chemistry Teachers, Postsecondary",0.1149222584327549,0.1297732567956895,,,,"Chemistry Teachers, Postsecondary",0.022724363813615728,19980.0,93250.0,21150.0,70520.0,Doctoral or professional degree,0.1764705882352941,0.4313725490196078,0.6862745098039216,0.2352941176470588,0.4019607843137255,0.5686274509803921,29.228571428571428,0.5817861856577212
25-1053,"Environmental Science Teachers, Postsecondary",0.1124028795289915,0.1288816707990902,,,,"Environmental Science Teachers, Postsecondary",0.0216414118382822,6690.0,94980.0,5090.0,71020.0,Doctoral or professional degree,0.2608695652173913,0.5217391304347826,0.7826086956521738,0.1956521739130434,0.4239130434782608,0.6521739130434783,35.28,0.5842849374660141
25-1054,"Physics Teachers, Postsecondary",0.1129021765816448,0.1275051040830022,,,,"Physics Teachers, Postsecondary",0.026634317811048542,13090.0,100310.0,13500.0,77610.0,Doctoral or professional degree,0.1162790697674418,0.4186046511627906,0.7209302325581395,0.1627906976744186,0.3720930232558139,0.5813953488372093,29.974999999999998,0.5579777758927814
25-1061,"Anthropology and Archeology Teachers, Postsecondary",0.1106559179672969,0.1274008475940965,,,,"Anthropology and Archeology Teachers, Postsecondary",0.025221684065148436,5240.0,99650.0,5850.0,73600.0,Doctoral or professional degree,0.2857142857142857,0.520408163265306,0.7551020408163265,0.183673469387755,0.4081632653061224,0.6326530612244897,31.685185185185187,0.5801086218601492
25-1062,"Area, Ethnic, and Cultural Studies Teachers, Postsecondary",0.1111248604747556,0.1289263280871142,,,,"Area, Ethnic, and Cultural Studies Teachers, Postsecondary",0.035091833765466644,11300.0,85020.0,8980.0,68020.0,Doctoral or professional degree,0.2222222222222222,0.5,0.7777777777777778,0.2444444444444444,0.4444444444444445,0.6444444444444445,34.78260869565217,0.5716286888307807
25-1063,"Economics Teachers, Postsecondary",0.1110328390517605,0.1290568552488089,,,,"Economics Teachers, Postsecondary",0.03504116486357756,11560.0,123920.0,13020.0,83370.0,Doctoral or professional degree,0.1463414634146341,0.475609756097561,0.8048780487804879,0.2195121951219512,0.4390243902439024,0.6585365853658537,33.5,0.5874955404923297
25-1064,"Geography Teachers, Postsecondary",0.1139282596423947,0.1293665668552886,,,,"Geography Teachers, Postsecondary",0.033306612154547575,3330.0,97590.0,4250.0,66700.0,Doctoral or professional degree,0.1818181818181818,0.4772727272727273,0.7727272727272727,0.25,0.4659090909090909,0.6818181818181819,33.88,0.5826611033843301
25-1065,"Political Science Teachers, Postsecondary",0.1099506621710586,0.127696282795044,,,,"Political Science Teachers, Postsecondary",0.03504116486357756,16970.0,98070.0,15930.0,70540.0,Doctoral or professional degree,0.1707317073170731,0.475609756097561,0.7804878048780488,0.1951219512195122,0.4146341463414634,0.6341463414634146,35.03636363636363,0.5794052968735061
25-1066,"Psychology Teachers, Postsecondary",0.1087411194800813,0.1259134260579519,,,,"Psychology Teachers, Postsecondary",0.030637106636116386,41530.0,80340.0,34350.0,67330.0,Doctoral or professional degree,0.16,0.48,0.8,0.16,0.39,0.62,33.713793103448275,0.5817276666359361
25-1067,"Sociology Teachers, Postsecondary",0.112367055613451,0.1288535758240582,,,,"Sociology Teachers, Postsecondary",0.033313469599916025,11850.0,84290.0,17430.0,64810.0,Doctoral or professional degree,0.1363636363636363,0.4318181818181818,0.7272727272727273,0.2045454545454545,0.3977272727272727,0.5909090909090909,29.916666666666668,0.5760693531485186
25-1071,"Health Specialties Teachers, Postsecondary",0.1150267259269642,0.1300108625840486,,,,"Health Specialties Teachers, Postsecondary",0.03504116486357756,221270.0,107310.0,144780.0,85270.0,Doctoral or professional degree,0.125,0.475,0.8250000000000001,0.175,0.3875,0.6000000000000001,34.22727272727273,0.5390796819489088
25-1072,"Nursing Instructors and Teachers, Postsecondary",0.1076972945887428,0.1232178128719288,,,,"Nursing Instructors and Teachers, Postsecondary",0.03173746730259115,77960.0,80250.0,54050.0,62390.0,Doctoral or professional degree,0.1568627450980392,0.4019607843137255,0.6470588235294118,0.1372549019607843,0.3725490196078431,0.6078431372549019,31.8,0.5208008725459645
25-1081,"Education Teachers, Postsecondary",0.1142123005029195,0.1317190394204718,,,,"Education Teachers, Postsecondary",0.032683613242824164,60830.0,75350.0,61450.0,59140.0,Doctoral or professional degree,0.1666666666666666,0.4880952380952381,0.8095238095238095,0.1904761904761904,0.4404761904761904,0.6904761904761905,32.975,0.5592899621553433
25-1082,"Library Science Teachers, Postsecondary",0.1137993767574064,0.1310308564893872,,,,"Library Science Teachers, Postsecondary",0.030716212166616675,3630.0,80340.0,4370.0,62720.0,Doctoral or professional degree,0.2127659574468085,0.5106382978723404,0.8085106382978723,0.2340425531914893,0.425531914893617,0.6170212765957447,34.328,0.5750979141998361
25-1111,"Criminal Justice and Law Enforcement Teachers, Postsecondary",0.1102536028369054,0.1278253075237713,,,,"Criminal Justice and Law Enforcement Teachers, Postsecondary",0.03504116486357756,13150.0,76590.0,13860.0,59520.0,Doctoral or professional degree,0.225,0.5,0.775,0.2,0.4375,0.675,36.71304347826087,0.5795875700845765
25-1112,"Law Teachers, Postsecondary",0.1147735486704526,0.1322651770097014,,,,"Law Teachers, Postsecondary",0.03071449780527457,20060.0,128500.0,14620.0,94260.0,Doctoral or professional degree,0.125,0.45,0.775,0.425,0.5875,0.75,34.28695652173913,0.5767580675247155
25-1113,"Social Work Teachers, Postsecondary",0.112734442844442,0.1281621180424074,,,,"Social Work Teachers, Postsecondary",0.035130692622554506,12610.0,77570.0,9370.0,63090.0,Doctoral or professional degree,0.1590909090909091,0.4204545454545454,0.6818181818181819,0.2954545454545454,0.5113636363636364,0.7272727272727273,33.5625,0.5756880733944953
25-1121,"Art, Drama, and Music Teachers, Postsecondary",0.1104600023780135,0.1282412702866022,,,,"Art, Drama, and Music Teachers, Postsecondary",0.0316059657031727,93560.0,78620.0,86860.0,62040.0,Master's degree,0.125,0.4375,0.75,0.375,0.59375,0.8125,27.385714285714283,0.530116472545757
25-1122,"Communications Teachers, Postsecondary",0.1109304233789722,0.1282495475757482,,,,"Communications Teachers, Postsecondary",0.03557723332978221,29420.0,78580.0,28590.0,60300.0,Doctoral or professional degree,0.125,0.425,0.7250000000000001,0.325,0.5750000000000001,0.8250000000000001,33.32727272727273,0.5732762631432027
25-1123,"English Language and Literature Teachers, Postsecondary",0.106221647154686,0.1248944980229289,,,,"English Language and Literature Teachers, Postsecondary",0.043338197547914646,57720.0,78760.0,69880.0,60400.0,Doctoral or professional degree,0.25,0.5267857142857143,0.8035714285714285,0.3571428571428571,0.5714285714285714,0.7857142857142857,31.893939393939394,0.5963225686018294
25-1124,"Foreign Language and Literature Teachers, Postsecondary",0.109650271911855,0.127222657562584,,,,"Foreign Language and Literature Teachers, Postsecondary",0.05430982441053967,19830.0,79350.0,28100.0,59080.0,Doctoral or professional degree,0.2666666666666666,0.5333333333333333,0.8,0.2888888888888889,0.5666666666666667,0.8444444444444444,34.25833333333333,0.5660377358490566
25-1125,"History Teachers, Postsecondary",0.1104032408301536,0.1279015928736851,,,,"History Teachers, Postsecondary",0.03366319931370682,18790.0,83820.0,23240.0,64880.0,Doctoral or professional degree,0.2222222222222222,0.5111111111111112,0.8,0.3555555555555555,0.5888888888888889,0.8222222222222223,33.888000000000005,0.5891187305185605
25-1126,"Philosophy and Religion Teachers, Postsecondary",0.1116777141627013,0.1286276490303564,,,,"Philosophy and Religion Teachers, Postsecondary",0.03281390470482465,20460.0,80260.0,21250.0,62330.0,Doctoral or professional degree,0.25,0.5113636363636364,0.7727272727272727,0.3636363636363636,0.5909090909090909,0.8181818181818182,33.78181818181818,0.5766888677450047
25-1192,"Family and Consumer Sciences Teachers, Postsecondary",0.1118415590700634,0.1289075486203457,,,,"Family and Consumer Sciences Teachers, Postsecondary",0.030756023446672387,2770.0,75870.0,5910.0,65040.0,Doctoral or professional degree,0.2,0.5375,0.875,0.4,0.65,0.9,33.76086956521739,0.5683241252302026
25-1193,"Recreation and Fitness Studies Teachers, Postsecondary",0.1090949867244027,0.1268997261178074,,,,"Recreation and Fitness Studies Teachers, Postsecondary",0.04443662695672437,12630.0,77270.0,17720.0,57650.0,Doctoral or professional degree,0.2790697674418604,0.5581395348837209,0.8372093023255813,0.3720930232558139,0.6162790697674418,0.8604651162790697,35.52173913043478,0.5525822852555525
25-1194,"Career/Technical Education Teachers, Postsecondary",0.1323470670371736,0.1510388420111571,,,,"Career/Technical Education Teachers, Postsecondary",0.043531825137276464,114110.0,63820.0,120290.0,48210.0,Bachelor's degree,0.1282051282051282,0.4871794871794871,0.8461538461538461,0.2051282051282051,0.4487179487179487,0.6923076923076923,36.864999999999995,0.4812528930720567
25-2011,"Preschool Teachers, Except Special Education",0.1004024636678693,0.1180746600962718,37.0,0.0074,0.0,"Preschool reachers, except special education",0.0196147873702563,478780.0,38140.0,369380.0,25700.0,Associate's degree,0.0606060606060606,0.2272727272727273,0.3939393939393939,0.1515151515151515,0.3106060606060606,0.4696969696969697,13.932352941176472,0.5050906776964683
25-2012,"Kindergarten Teachers, Except Special Education",0.1003649749962827,0.1207777916836994,191.0,0.15,,"Kindergarten teachers, except special education",0.013446078878451052,108870.0,62680.0,173330.0,48800.0,Bachelor's degree,0.0547945205479452,0.2328767123287671,0.410958904109589,0.136986301369863,0.2945205479452054,0.4520547945205479,13.110810810810811,0.5287052606293539
25-2021,"Elementary School Teachers, Except Special Education",0.1046984314970669,0.1253676518565562,20.0,0.0044,,"Elementary school teachers, except special education",0.02044852111952209,1388390.0,63970.0,1485600.0,51660.0,Bachelor's degree,0.054054054054054,0.3108108108108108,0.5675675675675675,0.1351351351351351,0.3108108108108108,0.4864864864864865,23.51578947368421,0.550228310502283
25-2022,"Middle School Teachers, Except Special and Career/Technical Education",0.1094663605238421,0.1305154066201924,200.0,0.17,,"Middle school teachers, except special and career/technical education",0.02940515433023668,620090.0,64370.0,655090.0,51960.0,Bachelor's degree,0.072463768115942,0.3478260869565217,0.6231884057971014,0.2028985507246377,0.3405797101449275,0.4782608695652174,27.814285714285713,0.5741333102792425
25-2023,"Career/Technical Education Teachers, Middle School",0.1062295855451989,0.1262687111869076,229.0,0.26,,"Career/technical education teachers, middle school",0.018970436867272025,16870.0,65030.0,14600.0,51470.0,Bachelor's degree,0.1935483870967742,0.3225806451612903,0.4516129032258064,0.1612903225806451,0.3387096774193548,0.5161290322580645,24.91290322580645,0.5128818265967294
25-2031,"Secondary School Teachers, Except Special and Career/Technical Education",0.1063404858111071,0.1269350184559377,41.0,0.0078,,"Secondary school teachers, except special and career/technical education",0.02798200751551804,1065210.0,72040.0,1053140.0,53230.0,Bachelor's degree,0.0317460317460317,0.3333333333333333,0.6349206349206349,0.1587301587301587,0.3412698412698413,0.5238095238095237,26.7375,0.5792957148918116
25-2032,"Career/Technical Education Teachers, Secondary School",0.1069852318470531,0.127825802999267,45.0,0.0088,,"Career/technical education teachers, secondary school",0.02323841290108825,111420.0,66270.0,91690.0,54310.0,Bachelor's degree,0.1515151515151515,0.3333333333333333,0.5151515151515151,0.1212121212121212,0.3333333333333333,0.5454545454545454,27.651515151515152,0.5071296164266363
25-2051,"Special Education Teachers, Preschool",0.095300636481718,0.1159113978840293,,,,"Special Education Teachers, Preschool",0.008226975172031215,29510.0,64830.0,,,Bachelor's degree,0.1142857142857142,0.1999999999999999,0.2857142857142857,0.1714285714285714,0.3071428571428571,0.4428571428571428,18.658333333333335,0.5125310273040276
25-2055,"Special Education Teachers, Kindergarten",,,,,,"Special Education Teachers, Kindergarten",,,,,,,0.1,0.25,0.4,0.1666666666666666,0.35,0.5333333333333333,,
25-2056,"Special Education Teachers, Elementary School",0.0983366366491774,0.1200646849428341,,,,"Special Education Teachers, Elementary School",,,,,,,0.1,0.3166666666666666,0.5333333333333333,0.1666666666666666,0.35,0.5333333333333333,22.923333333333336,0.5426404581334159
25-2057,"Special Education Teachers, Middle School",0.1010672552011475,0.1224412572439847,,,,"Special Education Teachers, Middle School",,95200.0,66810.0,,,Bachelor's degree,0.0779220779220779,0.3051948051948052,0.5324675324675325,0.1298701298701298,0.3051948051948052,0.4805194805194805,24.552500000000002,0.566425839354016
25-2058,"Special Education Teachers, Secondary School",0.0990203622982291,0.1205222177621038,,,,"Special Education Teachers, Secondary School",,163930.0,74260.0,,,Bachelor's degree,0.1025641025641025,0.3012820512820512,0.5,0.1538461538461538,0.2948717948717949,0.4358974358974359,24.9625,0.5525384678680161
25-3011,"Adult Basic Education, Adult Secondary Education, and English as a Second Language Instructors",0.1116641896973852,0.1333841158154605,205.0,0.19,,Adult basic and secondary education and literacy teachers and instructors,0.03445485328457533,37310.0,61540.0,68510.0,46530.0,Bachelor's degree,0.1764705882352941,0.4044117647058823,0.6323529411764706,0.2205882352941176,0.4264705882352941,0.6323529411764706,36.53243243243244,0.5841287155713116
25-3021,Self-Enrichment Teachers,0.1134229133795556,0.1349107424559053,186.0,0.13,,Self-enrichment education teachers,0.03721992764480805,332110.0,46800.0,160990.0,36340.0,High school diploma or equivalent,0.16,0.36,0.56,0.2,0.38,0.56,34.96333333333334,0.5111210361768647
25-3031,"Substitute Teachers, Short-Term",0.0819465873958505,0.1010305695113363,,,,"Substitute Teachers, Short-Term",,524770.0,41670.0,,,Bachelor's degree,0.2777777777777778,0.3611111111111111,0.4444444444444444,0.0,0.0833333333333333,0.1666666666666666,22.37777777777778,0.5338818526393639
25-3041,Tutors,0.1190568828440506,0.1387354481872158,,,,Tutors,,175070.0,43350.0,,,"Some college, no degree",0.1714285714285714,0.5428571428571428,0.9142857142857144,0.1714285714285714,0.3714285714285714,0.5714285714285714,43.1578947368421,0.5784632034632033
25-4011,Archivists,0.1285016337500931,0.1442593115154285,415.0,0.76,,Archivists,0.1845904287892014,7970.0,64550.0,5030.0,45200.0,Master's degree,0.0769230769230769,0.5,0.9230769230769232,0.2307692307692307,0.5,0.7692307692307693,37.823076923076925,0.5303236797274276
25-4012,Curators,0.1370974985670096,0.1476229487915261,34.0,0.0068,,Curators,0.023154654104087957,12150.0,63420.0,10550.0,48450.0,Master's degree,0.1481481481481481,0.5,0.8518518518518519,0.2592592592592592,0.5185185185185185,0.7777777777777777,30.459999999999997,0.5465838509316769
25-4013,Museum Technicians and Conservators,0.1183560475272865,0.1223441516860759,326.0,0.59,,Museum technicians and conservators,0.0062279318836236,12310.0,51440.0,10390.0,37310.0,Bachelor's degree,0.0526315789473684,0.2368421052631578,0.4210526315789473,0.1052631578947368,0.2368421052631578,0.3684210526315789,16.895833333333332,0.4752776509965008
25-4022,Librarians and Media Collections Specialists,0.1275877495958068,0.1408813404037924,,,,Librarians and Media Collections Specialists,,133790.0,68270.0,,,Master's degree,0.1578947368421052,0.5350877192982456,0.912280701754386,0.2631578947368421,0.5,0.7368421052631579,33.528571428571425,0.5277243455716315
25-4031,Library Technicians,0.1151902894143229,0.1247055582095793,692.0,0.99,,Library technicians,0.0097718596500371,68690.0,44580.0,109240.0,29860.0,Postsecondary nondegree award,0.3846153846153846,0.5673076923076923,0.75,0.2692307692307693,0.5288461538461539,0.7884615384615385,34.377419354838715,0.4814554403234312
25-9021,Farm and Home Management Educators,0.1279063225174223,0.1342110138478633,38.0,0.0075,,Farm and home management advisors,0.006302849474273913,8220.0,60220.0,10670.0,45520.0,Master's degree,0.074074074074074,0.3703703703703703,0.6666666666666666,0.3703703703703703,0.537037037037037,0.7037037037037037,24.813333333333333,0.5355744366457332
25-9031,Instructional Coordinators,0.1317143835565944,0.1508718912760417,16.0,0.0042,,Instructional coordinators,0.01468384776745576,227760.0,77440.0,128780.0,58830.0,Master's degree,0.175,0.4875,0.8,0.275,0.525,0.775,41.13076923076923,0.5911248022645907
25-9042,"Teaching Assistants, Preschool, Elementary, Middle, and Secondary School, Except Special Education",0.1025967382779852,0.1200938862665807,,,,"Teaching Assistants, Preschool, Elementary, Middle, and Secondary School, Except Special Education",,,,,,,0.2666666666666666,0.3666666666666666,0.4666666666666667,0.1666666666666666,0.2833333333333333,0.4,18.2,0.5014556613423558
25-9043,"Teaching Assistants, Special Education",0.0971491096310768,0.1175274332902834,,,,"Teaching Assistants, Special Education",,,,,,,0.1666666666666666,0.2666666666666666,0.3666666666666666,0.1333333333333333,0.25,0.3666666666666666,13.2,0.5138199271764315
25-9044,"Teaching Assistants, Postsecondary",0.1156092782727323,0.1313813271616219,,,,"Teaching Assistants, Postsecondary",,164090.0,42910.0,,,Bachelor's degree,0.3333333333333333,0.5303030303030303,0.7272727272727273,0.1818181818181818,0.3636363636363636,0.5454545454545454,36.875,0.5573155872152966
27-1011,Art Directors,0.1405650376484183,0.1519667676091645,95.0,0.023,,Art directors,0.0177754780300675,53070.0,114850.0,29700.0,80630.0,Bachelor's degree,0.0689655172413793,0.5,0.9310344827586208,0.0689655172413793,0.4310344827586206,0.7931034482758621,35.15625,0.5668083687588563
27-1012,Craft Artists,0.1241663114350532,0.1372393879473996,116.0,0.035,,Craft artists,0.023061588774087576,4580.0,46080.0,4790.0,26930.0,No formal educational credential,0.0,0.2586206896551724,0.5172413793103449,0.0689655172413793,0.2241379310344827,0.3793103448275862,20.2375,0.4517282479141836
27-1013,"Fine Artists, Including Painters, Sculptors, and Illustrators",0.1071230997921818,0.1220198610931814,131.0,0.042,,"Fine artists, including painters, sculptors, and illustrators",0.026179277329099422,11220.0,55490.0,10320.0,44850.0,Bachelor's degree,0.0,0.425,0.8500000000000001,0.05,0.3125,0.5750000000000001,16.260714285714286,0.4622316251371259
27-1014,Special Effects Artists and Animators,0.1315221329225448,0.1415346014772284,68.0,0.015,,Multimedia artists and animators,0.09867406722170824,19970.0,102030.0,26560.0,58510.0,Bachelor's degree,0.05,0.525,1.0,0.05,0.475,0.9,42.20769230769231,0.5364969517218653
27-1021,Commercial and Industrial Designers,0.1409181674531282,0.154481577821564,119.0,0.037,,Commercial and industrial designers,0.01263827181404795,33490.0,83910.0,28670.0,58230.0,Bachelor's degree,0.0,0.4655172413793103,0.9310344827586208,0.0689655172413793,0.4137931034482758,0.7586206896551724,32.43529411764706,0.5455288540134052
27-1022,Fashion Designers,0.111289678897954,0.1312426025231368,89.0,0.021,0.0,Fashion designers,0.006427712125357699,21450.0,80960.0,15060.0,64530.0,Bachelor's degree,0.0,0.390625,0.78125,0.125,0.375,0.625,18.695,0.5239619169533563
27-1023,Floral Designers,0.104006909681508,0.1109857338559658,136.0,0.047,,Floral designers,0.0028664121640108,40590.0,37360.0,47850.0,23610.0,High school diploma or equivalent,0.0666666666666666,0.1999999999999999,0.3333333333333333,0.1,0.2666666666666666,0.4333333333333333,17.326666666666664,0.47427539077841485
27-1024,Graphic Designers,0.1364908835216487,0.1483115506697876,161.0,0.082,,Graphic designers,0.007521370760937627,197830.0,62960.0,192240.0,43500.0,Bachelor's degree,0.0,0.5,1.0,0.0,0.4107142857142857,0.8214285714285714,45.973684210526315,0.5435456720120492
27-1025,Interior Designers,0.1302164105664804,0.1381753025284733,93.0,0.022,,Interior designers,0.0062865630415238506,71500.0,67190.0,40120.0,46280.0,Bachelor's degree,0.0,0.5,1.0,0.1379310344827586,0.3620689655172414,0.5862068965517241,37.768750000000004,0.578059071729958
27-1026,Merchandise Displayers and Window Trimmers,0.1071011562423331,0.1186258124788279,291.0,0.48,,Merchandise displayers and window trimmers,0.0035612999613468337,165220.0,39390.0,64330.0,25960.0,High school diploma or equivalent,0.0,0.3048780487804878,0.6097560975609756,0.0975609756097561,0.2682926829268293,0.4390243902439024,19.958333333333332,0.454353879732069
27-1027,Set and Exhibit Designers,0.1284907553902136,0.1366233031255916,27.0,0.0055,,Set and exhibit designers,0.009739286784536975,10630.0,75240.0,8120.0,46680.0,Bachelor's degree,0.0,0.3913043478260869,0.7826086956521738,0.1521739130434782,0.358695652173913,0.5652173913043478,34.25925925925926,0.5230056767254257
27-2011,Actors,0.1028922319707095,0.116723468901833,259.0,0.37,,Actors,0.08671620637588504,55000.0,,54740.0,,"Some college, no degree",0.15625,0.1875,0.21875,0.125,0.15625,0.1875,9.805555555555555,0.508745715039114
27-2012,Producers and Directors,0.1429474909094397,0.1490269753863336,92.0,0.022,,Producers and directors,0.011130613468042271,143120.0,90360.0,83520.0,68440.0,Bachelor's degree,0.1702127659574468,0.4680851063829787,0.7659574468085106,0.2553191489361702,0.4787234042553191,0.7021276595744681,29.177777777777777,0.5407618904500715
27-2021,Athletes and Sports Competitors,0.0869539617026438,0.1066638694232705,234.0,0.28,0.0,Athletes and sports competitors,0.0028664121640108,15070.0,66710.0,12660.0,43740.0,No formal educational credential,0.0,0.0,0.0,0.0,0.0,0.0,13.577777777777776,0.40883171993104367
27-2022,Coaches and Scouts,0.0971032591318139,0.1168425727150784,58.0,0.013,,Coaches and scouts,0.0056025328660212394,248950.0,47320.0,184280.0,28340.0,Bachelor's degree,0.0666666666666666,0.3,0.5333333333333333,0.0444444444444444,0.1444444444444444,0.2444444444444444,25.977777777777778,0.5073399882560188
27-2023,"Umpires, Referees, and Other Sports Officials",0.1007928033629058,0.1132746982799917,684.0,0.98,,"Umpires, referees, and other sports oﬃcials",,15780.0,40710.0,15250.0,22840.0,High school diploma or equivalent,0.2499999999999999,0.3125,0.375,0.125,0.1666666666666666,0.2083333333333333,29.0,0.46684636118598377
27-2031,Dancers,0.0709192693434676,0.0844922700153399,179.0,0.13,,Dancers,0.0041693267840158,8130.0,,11200.0,,No formal educational credential,0.0,0.0208333333333333,0.0416666666666666,0.0,0.0416666666666666,0.0833333333333333,1.5857142857142856,0.39684035075005436
27-2032,Choreographers,0.0718903723541888,0.0918686259529955,13.0,0.004,,Choreographers,0.005168227992686234,2860.0,55310.0,12390.0,37660.0,High school diploma or equivalent,0.0571428571428571,0.2714285714285714,0.4857142857142857,0.1428571428571428,0.1714285714285714,0.2,13.81111111111111,0.45467099357867835
27-2041,Music Directors and Composers,0.0930963727392492,0.1124719268619388,72.0,0.015,,Music directors and composers,0.0035612999613468,12540.0,73710.0,20640.0,45970.0,Bachelor's degree,0.5263157894736842,0.7105263157894737,0.894736842105263,0.175438596491228,0.2807017543859649,0.3859649122807017,34.839285714285715,0.48962093862815886
27-2042,Musicians and Singers,0.0755536490379713,0.0925773157340525,155.0,0.074,,Musicians and singers,0.00690544748602618,36180.0,,43350.0,,No formal educational credential,0.2448979591836734,0.4081632653061224,0.5714285714285714,0.1020408163265306,0.1326530612244897,0.1632653061224489,10.4,0.4620083432657926
27-2091,"Disc Jockeys, Except Radio",,,,,,"Disc Jockeys, Except Radio",,7920.0,,,,High school diploma or equivalent,0.4210526315789473,0.5263157894736842,0.631578947368421,0.1578947368421052,0.3684210526315789,0.5789473684210527,,
27-3011,Broadcast Announcers and Radio Disc Jockeys,0.1051633971427574,0.1209272227805868,171.0,0.1,,Radio and television announcers,0.0059282615210225,21240.0,47340.0,32520.0,26850.0,Bachelor's degree,0.4,0.65,0.9,0.475,0.5375,0.6000000000000001,44.92083333333333,0.527688636550646
27-3023,"News Analysts, Reporters, and Journalists",0.1207213919971228,0.1436300222503376,,,,"News Analysts, Reporters, and Journalists",,39250.0,62200.0,,,Bachelor's degree,0.3,0.65,1.0,0.4333333333333333,0.6333333333333333,0.8333333333333334,36.16,0.5336155800169348
27-3031,Public Relations Specialists,0.1211229361848857,0.1417404503306286,201.0,0.18,,Public relations specialists,0.0415195458908244,283380.0,74750.0,225590.0,52090.0,Bachelor's degree,0.2424242424242424,0.5909090909090909,0.9393939393939394,0.6363636363636364,0.7878787878787878,0.9393939393939394,32.638888888888886,0.5801372997711671
27-3041,Editors,0.1378000099717185,0.1514782698510293,140.0,0.055,,Editors,0.15947674948860596,91690.0,77920.0,99160.0,51470.0,Bachelor's degree,0.3529411764705882,0.6470588235294118,0.9411764705882352,0.5294117647058824,0.6470588235294118,0.7647058823529411,43.785714285714285,0.567833234471655
27-3042,Technical Writers,0.1716723800808823,0.1821467220864772,526.0,0.89,1.0,Technical writers,0.19799959175341905,45500.0,90390.0,43990.0,63280.0,Bachelor's degree,0.4666666666666667,0.7,0.9333333333333332,0.3333333333333333,0.6333333333333333,0.9333333333333332,53.333333333333336,0.5601908147039566
27-3043,Writers and Authors,0.1330491908910812,0.1526766678134575,123.0,0.038,,Writers and authors,0.16077966410861094,47940.0,76910.0,40980.0,55420.0,Bachelor's degree,0.7307692307692308,0.8653846153846154,1.0,0.6153846153846154,0.8076923076923077,1.0,41.85,0.5659570512224597
27-3091,Interpreters and Translators,0.130323466637242,0.1436460987706753,265.0,0.38,,Interpreters and translators,0.05589503719821236,52060.0,60170.0,44200.0,43300.0,Bachelor's degree,0.88,0.88,0.88,0.8,0.84,0.88,46.0,0.5384808432323909
27-3092,Court Reporters and Simultaneous Captioners,0.1046750856436257,0.1138056058984968,,,,Court Reporters and Simultaneous Captioners,,12870.0,72420.0,,,Postsecondary nondegree award,0.9166666666666666,0.9583333333333331,1.0,0.125,0.5208333333333333,0.9166666666666666,50.878571428571426,0.504167421634354
27-4011,Audio and Video Technicians,0.1310695572585183,0.1353729621705872,316.0,0.55,,Audio and video equipment technicians,0.01403239045745328,70230.0,58100.0,47510.0,40540.0,Postsecondary nondegree award,0.125,0.4375,0.75,0.125,0.3,0.475,35.83103448275862,0.47173343317109695
27-4012,Broadcast Technicians,0.1284568029249495,0.1284797558261868,407.0,0.74,,Broadcast technicians,0.013582884913551575,21110.0,59570.0,30520.0,35120.0,Associate's degree,0.2857142857142857,0.5238095238095237,0.7619047619047619,0.0952380952380952,0.2142857142857142,0.3333333333333333,41.25925925925926,0.46906560933642544
27-4014,Sound Engineering Technicians,0.1085895188196787,0.1114643136184252,187.0,0.13,,Sound engineering technicians,0.00283383929851075,13080.0,73130.0,15650.0,47080.0,Postsecondary nondegree award,0.074074074074074,0.4259259259259259,0.7777777777777777,0.0,0.2777777777777778,0.5555555555555556,36.02142857142857,0.4896730432131697
27-4015,Lighting Technicians,,,,,,Lighting Technicians,,8900.0,68060.0,,,Postsecondary nondegree award,0.0625,0.15625,0.25,0.0,0.09375,0.1875,,
27-4021,Photographers,0.0976284911323153,0.1150131568572564,91.0,0.021,,Photographers,0.033788919145461664,51760.0,44660.0,54550.0,29130.0,High school diploma or equivalent,0.0416666666666666,0.3854166666666666,0.7291666666666666,0.0208333333333333,0.21875,0.4166666666666666,22.45357142857143,0.4671477973237108
27-4031,"Camera Operators, Television, Video, and Film",0.1142871686858549,0.1241359638003089,332.0,0.6,,"Camera operators, television, video, and motion picture",0.0032572865500123003,21550.0,74990.0,16760.0,40390.0,Bachelor's degree,0.0606060606060606,0.4242424242424242,0.7878787878787878,0.0303030303030303,0.1818181818181818,0.3333333333333333,21.81904761904762,0.44605196861728924
27-4032,Film and Video Editors,0.1185538993186517,0.1242874821940352,244.0,0.31,,Film and video editors,0.014129385212498066,25610.0,75420.0,19930.0,50930.0,Bachelor's degree,0.1111111111111111,0.5277777777777778,0.9444444444444444,0.1388888888888889,0.4722222222222222,0.8055555555555555,37.372727272727275,0.5399578947368422
29-1011,Chiropractors,0.067656414430813,0.079015700047589,100.0,0.027,,Chiropractors,0.0092506938020351,39630.0,79200.0,26250.0,67200.0,Doctoral or professional degree,0.1818181818181818,0.4545454545454546,0.7272727272727273,0.0909090909090909,0.3181818181818182,0.5454545454545454,28.018181818181816,0.4903966443446906
29-1021,"Dentists, General",0.0626007189134189,0.0695467136121703,19.0,0.0044,0.0,"Dentists, general",0.008273507837031374,124390.0,170950.0,87700.0,141040.0,Doctoral or professional degree,0.05,0.25,0.45,0.15,0.225,0.3,14.790000000000001,0.47483487450462347
29-1022,Oral and Maxillofacial Surgeons,0.0405755505840861,0.0411421625059409,9.0,0.0036,,Oral and maxillofacial surgeons,,4910.0,352220.0,5330.0,,Doctoral or professional degree,0.0,0.04,0.08,0.0,0.08,0.16,6.142857142857143,0.47692096973017384
29-1023,Orthodontists,0.0734903627098185,0.0840244553305886,94.0,0.023,,Orthodontists,0.0039087438600148,6210.0,289140.0,5580.0,,Doctoral or professional degree,0.0,0.3,0.6000000000000001,0.0,0.2,0.4,30.05454545454546,0.5041834752726729
29-1024,Prosthodontists,0.0514056339692402,0.0560199364640042,141.0,0.055,,Prosthodontists,0.002214954854008367,870.0,311180.0,670.0,118400.0,Doctoral or professional degree,0.0,0.0454545454545454,0.0909090909090909,0.0,0.0909090909090909,0.1818181818181818,2.5500000000000003,0.47614227877385773
29-1031,Dietitians and Nutritionists,0.0971110148934161,0.1132283894175556,11.0,0.0039,,Dietitians and nutritionists,0.0212212218733306,77570.0,76400.0,53510.0,53250.0,Bachelor's degree,0.1463414634146341,0.5487804878048781,0.951219512195122,0.2682926829268293,0.4634146341463415,0.6585365853658537,35.332142857142856,0.590346855808321
29-1041,Optometrists,0.0733350419047345,0.0786262061872239,188.0,0.14,,Optometrists,0.005537387135021,42790.0,136570.0,26480.0,94990.0,Doctoral or professional degree,0.0,0.3,0.6000000000000001,0.0,0.05,0.1,24.31,0.5244587609558767
29-1051,Pharmacists,0.1031741232386516,0.1148612977958485,54.0,0.012,,Pharmacists,0.011769662067378018,321970.0,140910.0,268030.0,111570.0,Doctoral or professional degree,0.1142857142857142,0.4285714285714285,0.7428571428571429,0.2857142857142857,0.3999999999999999,0.5142857142857142,36.464999999999996,0.5271772228989037
29-1071,Physician Assistants,0.0922038265368605,0.0997767770860534,190.0,0.14,,Physician assistants,0.00781748772002965,162150.0,135880.0,81420.0,86410.0,Master's degree,0.0,0.375,0.75,0.0,0.125,0.25,23.941666666666666,0.5087770840984209
29-1081,Podiatrists,0.0449849265072451,0.0472481173919822,23.0,0.0046,,Podiatrists,,9680.0,160300.0,9310.0,118030.0,Doctoral or professional degree,0.0,0.2857142857142857,0.5714285714285714,0.1904761904761904,0.2857142857142857,0.3809523809523809,18.927272727272726,0.522962962962963
29-1122,Occupational Therapists,0.1070911827549078,0.1217368907595836,6.0,0.0035,,Occupational therapists,0.005341949942020267,162450.0,100330.0,100300.0,72320.0,Master's degree,0.1212121212121212,0.303030303030303,0.4848484848484848,0.1212121212121212,0.3939393939393939,0.6666666666666667,22.805882352941175,0.5080590748931704
29-1123,Physical Therapists,0.1062978193755862,0.1193122629328083,90.0,0.021,,Physical therapists,0.007513474308695167,267330.0,102760.0,180280.0,76310.0,Doctoral or professional degree,0.0851063829787234,0.1914893617021276,0.2978723404255319,0.1276595744680851,0.3404255319148936,0.5531914893617021,22.508333333333336,0.48139668002289643
29-1124,Radiation Therapists,0.0853998380621097,0.0886622784676417,248.0,0.34,,Radiation therapists,0.0027795511893438335,17070.0,105310.0,16590.0,74980.0,Associate's degree,0.048780487804878,0.2804878048780488,0.5121951219512195,0.024390243902439,0.1707317073170731,0.3170731707317073,24.55909090909091,0.46497267371708434
29-1125,Recreational Therapists,0.1024222311543974,0.1184787406858952,1.0,0.0028,,Recreational therapists,0.0044299097080168,14930.0,61960.0,20830.0,39410.0,Bachelor's degree,0.0909090909090909,0.3181818181818182,0.5454545454545454,0.0909090909090909,0.3636363636363636,0.6363636363636364,24.1,0.48091375846417145
29-1126,Respiratory Therapists,0.0857898530942986,0.0962609959056816,150.0,0.066,,Respiratory therapists,0.0330506008607922,139790.0,82280.0,109270.0,54280.0,Associate's degree,0.0952380952380952,0.2023809523809523,0.3095238095238095,0.0952380952380952,0.1904761904761904,0.2857142857142857,14.072727272727274,0.4681300126635711
29-1127,Speech-Language Pathologists,0.1070391989651957,0.1237853189940965,31.0,0.0064,,Speech-language pathologists,0.008164931618697633,183390.0,97870.0,112530.0,66920.0,Master's degree,0.1707317073170731,0.4512195121951219,0.7317073170731707,0.0975609756097561,0.3902439024390244,0.6829268292682927,30.004347826086956,0.5670884035780482
29-1128,Exercise Physiologists,0.0853473406907148,0.1027599582035087,,,,Exercise Physiologists,0.012573126083047738,8560.0,59460.0,16170.0,47950.0,Bachelor's degree,0.04,0.26,0.48,0.28,0.34,0.4,27.656,0.496742671009772
29-1131,Veterinarians,0.0745918751136828,0.0787584050728456,122.0,0.038,,Veterinarians,0.007383182846694667,83900.0,130100.0,54480.0,82040.0,Doctoral or professional degree,0.081081081081081,0.2702702702702703,0.4594594594594595,0.027027027027027,0.2297297297297297,0.4324324324324324,15.00952380952381,0.4954608177790688
29-1141,Registered Nurses,0.1092259699751679,0.1187595754103377,,,,Registered Nurses,0.004201899649515925,3379720.0,97550.0,,,Bachelor's degree,0.0476190476190476,0.3333333333333333,0.6190476190476191,0.1904761904761904,0.3809523809523809,0.5714285714285714,22.477777777777778,0.48494822738805454
29-1151,Nurse Anesthetists,0.0733188852389574,0.0791112083055649,,,,Nurse Anesthetists,,51840.0,236590.0,,,Master's degree,0.0,0.1666666666666666,0.3333333333333333,0.0,0.125,0.25,15.920833333333334,0.49989706992383176
29-1161,Nurse Midwives,0.0821957732589734,0.095018428304921,,,,Nurse Midwives,0.00485987153261844,7920.0,134040.0,,,Master's degree,0.1951219512195122,0.3902439024390244,0.5853658536585367,0.0975609756097561,0.2926829268292683,0.4878048780487805,27.59047619047619,0.5111774557634894
29-1171,Nurse Practitioners,0.0991564243105989,0.1071520123806503,,,,Nurse Practitioners,0.01446235228205491,323040.0,132300.0,,,Master's degree,0.037037037037037,0.4814814814814814,0.9259259259259258,0.074074074074074,0.3148148148148147,0.5555555555555556,29.433333333333334,0.5053479749001711
29-1181,Audiologists,0.0829540130288596,0.0993036917851337,5.0,0.0033,,Audiologists,0.0025406835090096003,13660.0,95780.0,12860.0,66660.0,Doctoral or professional degree,0.1363636363636363,0.4545454545454546,0.7727272727272727,0.2272727272727273,0.4545454545454546,0.6818181818181819,29.045454545454547,0.5175458628301742
29-1211,Anesthesiologists,0.076842768119223,0.08840719016438,,,,Anesthesiologists,,38760.0,391490.0,,,Doctoral or professional degree,0.0,0.25,0.5,0.0588235294117647,0.2941176470588235,0.5294117647058824,23.216666666666665,0.5005140859551718
29-1212,Cardiologists,,,,,,Cardiologists,,17290.0,496010.0,,,Doctoral or professional degree,0.0,0.3461538461538461,0.6923076923076923,0.0769230769230769,0.2307692307692307,0.3846153846153846,,
29-1213,Dermatologists,0.0570247889224931,0.0611801614657531,,,,Dermatologists,,11370.0,328730.0,,,Doctoral or professional degree,0.0,0.3823529411764705,0.7647058823529411,0.1764705882352941,0.3235294117647059,0.4705882352941176,20.91111111111111,0.5276885421447146
29-1214,Emergency Medicine Physicians,0.0879273923141317,0.1018024268850538,,,,Emergency Medicine Physicians,,32880.0,335550.0,,,Doctoral or professional degree,0.0588235294117647,0.4411764705882353,0.8235294117647058,0.1764705882352941,0.3529411764705882,0.5294117647058824,14.947058823529412,0.49836002315261424
29-1215,Family Medicine Physicians,0.1163362642423062,0.1292591482786506,,,,Family Medicine Physicians,,107510.0,244180.0,,,Doctoral or professional degree,0.0,0.4375,0.875,0.2083333333333333,0.375,0.5416666666666666,28.724999999999998,0.5633138931053767
29-1216,General Internal Medicine Physicians,0.0989569013884121,0.1114810629256426,,,,General Internal Medicine Physicians,,67150.0,256560.0,,,Doctoral or professional degree,0.0,0.4571428571428571,0.9142857142857144,0.2857142857142857,0.3714285714285714,0.4571428571428571,22.8,0.5500152485513875
29-1217,Neurologists,0.0756467478816928,0.0875807424770205,,,,Neurologists,,10590.0,248560.0,,,Doctoral or professional degree,0.0434782608695652,0.4565217391304347,0.8695652173913043,0.1304347826086956,0.3695652173913043,0.6086956521739131,23.5625,0.5892016907249382
29-1218,Obstetricians and Gynecologists,0.0975799115596628,0.1078809113883684,,,,Obstetricians and Gynecologists,,21260.0,292910.0,,,Doctoral or professional degree,0.0,0.3928571428571428,0.7857142857142857,0.1785714285714285,0.3035714285714285,0.4285714285714285,27.126666666666665,0.5069863110858928
29-1221,"Pediatricians, General",0.097229650304875,0.1122947969507406,,,,"Pediatricians, General",,39390.0,210040.0,,,Doctoral or professional degree,0.0,0.4833333333333333,0.9666666666666668,0.2333333333333333,0.3666666666666667,0.5,20.99411764705882,0.5618422093851388
29-1222,"Physicians, Pathologists",0.0810551676329568,0.0899814415198416,,,,"Physicians, Pathologists",,11110.0,312400.0,,,Doctoral or professional degree,0.0606060606060606,0.4696969696969697,0.8787878787878788,0.0606060606060606,0.3181818181818182,0.5757575757575758,30.99473684210526,0.5552475552475553
29-1223,Psychiatrists,0.0943638340813439,0.1031648438096799,,,,Psychiatrists,,27980.0,281870.0,,,Doctoral or professional degree,0.0869565217391304,0.4782608695652174,0.8695652173913043,0.2608695652173913,0.5217391304347826,0.7826086956521738,26.383333333333336,0.5735282176207875
29-1224,Radiologists,0.0937891659520502,0.1014312358856847,,,,Radiologists,,26770.0,420860.0,,,Doctoral or professional degree,0.0,0.4888888888888889,0.977777777777778,0.3111111111111111,0.5111111111111112,0.7111111111111111,33.98823529411764,0.5282384901344009
29-1241,"Ophthalmologists, Except Pediatric",0.0740511832131639,0.0843624312219223,,,,"Ophthalmologists, Except Pediatric",,8950.0,300080.0,,,Doctoral or professional degree,0.0588235294117647,0.4264705882352941,0.7941176470588235,0.1176470588235294,0.3382352941176471,0.5588235294117647,25.866666666666667,0.4926600516514883
29-1242,"Orthopedic Surgeons, Except Pediatric",,,,,,"Orthopedic Surgeons, Except Pediatric",,14100.0,358550.0,,,Doctoral or professional degree,0.0666666666666666,0.3333333333333333,0.6,0.0666666666666666,0.2333333333333333,0.4,,
29-1243,Pediatric Surgeons,,,,,,Pediatric Surgeons,,1190.0,559030.0,,,Doctoral or professional degree,0.1111111111111111,0.3611111111111111,0.611111111111111,0.0555555555555555,0.2222222222222222,0.3888888888888888,,
29-1291,Acupuncturists,0.0807074859278172,0.0901916167455877,,,,Acupuncturists,,7830.0,76040.0,,,Master's degree,0.1666666666666666,0.1666666666666666,0.1666666666666666,0.1666666666666666,0.3055555555555555,0.4444444444444444,27.62222222222222,0.508742852407392
29-1292,Dental Hygienists,0.0550506282843508,0.0584384384377704,,,,Dental Hygienists,,222740.0,98100.0,,,Associate's degree,0.0625,0.1875,0.3125,0.0,0.09375,0.1875,9.8125,0.46069243280923244
29-2011,Medical and Clinical Laboratory Technologists,0.1045467917658674,0.1124396527816266,533.0,0.9,,Medical and clinical laboratory technologists,0.01205196023504575,,,164430.0,56130.0,,0.0714285714285714,0.2321428571428571,0.3928571428571428,0.1428571428571428,0.2321428571428571,0.3214285714285714,21.30666666666667,0.4994238801670747
29-2012,Medical and Clinical Laboratory Technicians,0.0970462488706372,0.1027947539532813,288.0,0.47,,Medical and clinical laboratory technicians,0.038240544097145245,,,156480.0,36280.0,,0.0,0.2142857142857142,0.4285714285714285,0.0,0.0952380952380952,0.1904761904761904,19.23076923076923,0.4783447048353604
29-2031,Cardiovascular Technologists and Technicians,0.0773581701317036,0.0858885119363957,219.0,0.23,,Cardiovascular technologists and technicians,0.004071608187515425,62960.0,74310.0,48720.0,49410.0,Associate's degree,0.0857142857142857,0.3571428571428571,0.6285714285714286,0.1142857142857142,0.1714285714285714,0.2285714285714285,20.242857142857144,0.4794259774491141
29-2032,Diagnostic Medical Sonographers,0.1065651114795591,0.1190562180463815,251.0,0.35,,Diagnostic medical sonographers,0.0022149548540084,90160.0,96590.0,53010.0,64380.0,Associate's degree,0.1052631578947368,0.3026315789473684,0.5,0.131578947368421,0.2894736842105263,0.4473684210526315,21.45,0.4661512896467018
29-2033,Nuclear Medicine Technologists,0.088033127102128,0.0977066816577798,180.0,0.13,,Nuclear medicine technologists,0.01055360842204005,17080.0,101370.0,21600.0,68560.0,Associate's degree,0.064516129032258,0.2903225806451612,0.5161290322580645,0.1612903225806451,0.2580645161290322,0.3548387096774194,21.5,0.49566593804175785
29-2034,Radiologic Technologists and Technicians,0.1116962013287569,0.1218814777675764,,,,Radiologic Technologists and Technicians,0.00330940313481254,230490.0,80110.0,,,Associate's degree,0.0,0.3771929824561403,0.7543859649122806,0.1052631578947368,0.2807017543859649,0.4561403508771929,24.34444444444444,0.45650616222413287
29-2035,Magnetic Resonance Imaging Technologists,0.0648165433427388,0.0809507539942707,,,,Magnetic Resonance Imaging Technologists,0.009554707213369568,43390.0,95480.0,,,Associate's degree,0.0444444444444444,0.3222222222222222,0.6,0.1333333333333333,0.2222222222222222,0.3111111111111111,24.254166666666666,0.4708142456036649
29-2036,Medical Dosimetrists,0.0733289498200798,0.0799851840513054,,,,Medical Dosimetrists,,3410.0,147470.0,,,Bachelor's degree,0.15,0.45,0.75,0.1,0.3,0.5,44.89473684210526,0.5467160766380195
29-2042,Emergency Medical Technicians,,,,,,Emergency Medical Technicians,,180510.0,44470.0,,,Postsecondary nondegree award,0.1666666666666666,0.2083333333333333,0.25,0.0,0.2083333333333333,0.4166666666666666,,
29-2043,Paramedics,,,,,,Paramedics,,100610.0,60600.0,,,Postsecondary nondegree award,0.0769230769230769,0.1538461538461538,0.2307692307692307,0.0,0.1923076923076923,0.3846153846153846,,
29-2051,Dietetic Technicians,0.1160799476052792,0.136933150140534,183.0,0.13,,Dietetic technicians,0.013354874855050674,31560.0,37640.0,23890.0,27060.0,Associate's degree,0.1739130434782608,0.5434782608695652,0.9130434782608696,0.0434782608695652,0.4130434782608695,0.7826086956521738,46.36923076923077,0.48305084745762716
29-2052,Pharmacy Technicians,0.1049990990053735,0.1137480042327469,562.0,0.92,,Pharmacy technicians,0.0026058292400099,471680.0,45750.0,333500.0,28400.0,High school diploma or equivalent,0.2941176470588235,0.4264705882352941,0.5588235294117647,0.2352941176470588,0.4264705882352941,0.6176470588235294,27.51904761904762,0.4892372484791764
29-2053,Psychiatric Technicians,0.0766516580819679,0.088537112721857,132.0,0.043,,Psychiatric technicians,0.0022149548540084,156960.0,45130.0,72650.0,28710.0,Postsecondary nondegree award,0.0,0.12,0.24,0.16,0.34,0.52,14.943750000000001,0.479047027782089
29-2055,Surgical Technologists,0.0917019756660497,0.0933890457574266,247.0,0.34,,Surgical technologists,0.0019543719300074,117460.0,64650.0,92260.0,39920.0,Postsecondary nondegree award,0.0333333333333333,0.0666666666666666,0.1,0.0,0.0166666666666666,0.0333333333333333,11.19375,0.45537340619307837
29-2056,Veterinary Technologists and Technicians,0.0885344843178315,0.0904306886177051,106.0,0.029,,Veterinary technologists and technicians,0.00534194994202025,129140.0,47380.0,79870.0,29710.0,Associate's degree,0.0655737704918032,0.1639344262295082,0.2622950819672131,0.0655737704918032,0.1475409836065573,0.2295081967213114,13.625806451612902,0.47133438440590514
29-2057,Ophthalmic Medical Technicians,0.0549306369626248,0.0688776334308963,,,,Ophthalmic Medical Technicians,,71010.0,45570.0,,,Postsecondary nondegree award,0.0526315789473684,0.3289473684210526,0.6052631578947368,0.0263157894736842,0.1052631578947368,0.1842105263157894,10.14,0.48429473684210517
29-2061,Licensed Practical and Licensed Vocational Nurses,0.0990136173959694,0.1045211173818154,144.0,0.058,,Licensed practical and licensed vocational nurses,0.0026058292400099,648410.0,64400.0,730290.0,40380.0,Postsecondary nondegree award,0.0789473684210526,0.25,0.4210526315789473,0.0526315789473684,0.25,0.4473684210526315,13.831818181818182,0.464696339140862
29-2072,Medical Records Specialists,,,,,,Medical Records Specialists,,194720.0,51140.0,,,Postsecondary nondegree award,0.2352941176470588,0.6176470588235294,1.0,0.2352941176470588,0.5588235294117647,0.8823529411764706,,
29-2081,"Opticians, Dispensing",0.0824273346384073,0.0966452048856912,391.0,0.71,,"Opticians, dispensing",,73530.0,47260.0,62200.0,32940.0,High school diploma or equivalent,0.0952380952380952,0.2857142857142857,0.4761904761904761,0.1428571428571428,0.238095238095238,0.3333333333333333,31.547619047619047,0.4984873167326041
29-2091,Orthotists and Prosthetists,0.092027825996378,0.1055200955133998,7.0,0.0035,,Orthotists and prosthetists,,9390.0,81110.0,5940.0,65060.0,Master's degree,0.1724137931034483,0.2758620689655172,0.3793103448275862,0.0,0.1896551724137931,0.3793103448275862,24.266666666666666,0.4959533357637624
29-2092,Hearing Aid Specialists,0.077729531468337,0.0883299266545146,,,,Hearing Aid Specialists,,11270.0,65160.0,,,High school diploma or equivalent,0.0,0.2,0.4,0.0,0.05,0.1,12.118181818181819,0.5045774072257643
29-9021,Health Information Technologists and Medical Registrars,,,,,,Health Information Technologists and Medical Registrars,,38100.0,68020.0,,,Associate's degree,0.3125,0.65625,1.0,0.3125,0.53125,0.75,,
29-9091,Athletic Trainers,0.0749448690800957,0.0897367137041159,35.0,0.0071,,Athletic trainers,0.0036915914233473005,30500.0,62520.0,16290.0,41600.0,Master's degree,0.0930232558139534,0.2790697674418604,0.4651162790697674,0.3255813953488372,0.4069767441860465,0.4883720930232558,22.27391304347826,0.47167478728819734
29-9092,Genetic Counselors,0.0974080769176684,0.1127264895031799,,,,Genetic Counselors,0.012117105966046017,3740.0,100040.0,,,Master's degree,0.1052631578947368,0.5,0.894736842105263,0.3684210526315789,0.631578947368421,0.894736842105263,37.94736842105263,0.6030353539784191
29-9093,Surgical Assistants,0.0708067772003359,0.0744678919569857,,,,Surgical Assistants,,22270.0,66800.0,,,Postsecondary nondegree award,0.0,0.0392156862745098,0.0784313725490196,0.0,0.0392156862745098,0.0784313725490196,8.582142857142857,0.4371941272430669
31-1121,Home Health Aides,0.0790503896574975,0.0888464839221252,,,,Home Health Aides,,,,,,,0.0769230769230769,0.0769230769230769,0.0769230769230769,0.0,0.0384615384615384,0.0769230769230769,6.026666666666667,0.4682399816106046
31-1122,Personal Care Aides,0.1110708104281387,0.1212097692479629,,,,Personal Care Aides,,,,,,,0.1666666666666666,0.2222222222222222,0.2777777777777778,0.2222222222222222,0.3333333333333333,0.4444444444444444,17.936363636363637,0.45789557465775227
31-1131,Nursing Assistants,0.0800696992815408,0.0896374399011785,,,,Nursing Assistants,,1448910.0,42260.0,,,Postsecondary nondegree award,0.0508474576271186,0.1016949152542373,0.1525423728813559,0.0338983050847457,0.135593220338983,0.2372881355932203,12.124242424242425,0.4407624169566593
31-1132,Orderlies,0.0818804357274372,0.0873783731024263,,,,Orderlies,,52440.0,38290.0,,,High school diploma or equivalent,0.0,0.0,0.0,0.0,0.046875,0.09375,2.7772727272727273,0.40740740740740733
31-1133,Psychiatric Aides,0.0888924613263825,0.1008361014434669,,,,Psychiatric Aides,,35520.0,44910.0,,,High school diploma or equivalent,0.125,0.125,0.125,0.0,0.125,0.25,11.594117647058823,0.45377426312005753
31-2011,Occupational Therapy Assistants,0.1034617102857664,0.1160355717714752,101.0,0.028,,Occupational therapy assistants,0.0134851663170512,51290.0,72300.0,27720.0,51010.0,Associate's degree,0.1860465116279069,0.2674418604651162,0.3488372093023256,0.1395348837209302,0.2325581395348837,0.3255813953488372,21.277272727272727,0.4715230780929207
31-2012,Occupational Therapy Aides,0.104637277464411,0.1203556718278388,231.0,0.27,,Occupational therapy aides,0.0022149548540084,4310.0,39160.0,7180.0,27430.0,High school diploma or equivalent,0.2222222222222222,0.2407407407407407,0.2592592592592592,0.0,0.074074074074074,0.1481481481481481,21.02,0.4557164573165853
31-2021,Physical Therapist Assistants,0.0909042765177277,0.1016707213219213,83.0,0.018,,Physical therapist assistants,,112430.0,68380.0,65960.0,49690.0,Associate's degree,0.1025641025641025,0.1538461538461538,0.2051282051282051,0.0,0.1025641025641025,0.2051282051282051,13.952380952380953,0.4612281488121918
31-2022,Physical Therapist Aides,0.0861403452476199,0.0950676842357256,335.0,0.61,,Physical therapist aides,,48150.0,35240.0,45900.0,23680.0,High school diploma or equivalent,0.1212121212121212,0.1818181818181818,0.2424242424242424,0.0606060606060606,0.1515151515151515,0.2424242424242424,11.842105263157896,0.44742268041237115
31-9011,Massage Therapists,0.0894879020704887,0.0993108623974002,311.0,0.54,,Massage therapists,0.0066448645620252,98790.0,58450.0,60040.0,34900.0,Postsecondary nondegree award,0.074074074074074,0.074074074074074,0.074074074074074,0.074074074074074,0.1851851851851851,0.2962962962962963,18.05,0.44496487119437933
31-9091,Dental Assistants,0.0773739838975391,0.0819780258378027,303.0,0.51,,Dental assistants,0.00273612070201035,387790.0,48070.0,294030.0,33470.0,Postsecondary nondegree award,0.1333333333333333,0.2666666666666666,0.4,0.0,0.1,0.2,17.6125,0.46213713129426426
31-9092,Medical Assistants,0.0926435788626023,0.1027755945001453,239.0,0.3,,Medical assistants,0.0034744389866798336,817870.0,45690.0,523260.0,28860.0,Postsecondary nondegree award,0.1794871794871795,0.358974358974359,0.5384615384615384,0.0512820512820512,0.141025641025641,0.2307692307692307,23.895,0.4933100197658507
31-9093,Medical Equipment Preparers,0.1032000154846954,0.0998126373655187,426.0,0.78,,Medical equipment preparers,,77420.0,47700.0,47310.0,29490.0,High school diploma or equivalent,0.074074074074074,0.1111111111111111,0.1481481481481481,0.0,0.037037037037037,0.074074074074074,23.60666666666667,0.4311509101585438
31-9094,Medical Transcriptionists,0.1166964098625947,0.1374118859036865,523.0,0.89,1.0,Medical transcriptionists,0.018262519923736016,41550.0,40410.0,78780.0,32900.0,Postsecondary nondegree award,0.8214285714285714,0.875,0.9285714285714284,0.1428571428571428,0.2321428571428571,0.3214285714285714,55.65333333333333,0.5271153669091243
31-9095,Pharmacy Aides,0.1228291650005095,0.1327877832838326,394.0,0.72,,Pharmacy aides,0.01081419134604105,39530.0,37680.0,49580.0,21430.0,High school diploma or equivalent,0.24,0.38,0.52,0.08,0.14,0.2,35.91428571428572,0.4726183444435069
31-9096,Veterinary Assistants and Laboratory Animal Caretakers,0.0824249206421671,0.0821154189059182,495.0,0.86,,Veterinary assistants and laboratory animal caretakers,0.0128554242507155,126580.0,38150.0,70530.0,22040.0,High school diploma or equivalent,0.1111111111111111,0.2222222222222222,0.3333333333333333,0.1481481481481481,0.1481481481481481,0.1481481481481481,14.385714285714286,0.4509632918417506
31-9097,Phlebotomists,0.0716962536777088,0.0787812158980825,,,,Phlebotomists,0.005211658480019751,143540.0,45230.0,,,Postsecondary nondegree award,0.1463414634146341,0.1829268292682926,0.2195121951219512,0.048780487804878,0.1097560975609756,0.1707317073170731,16.604347826086954,0.4666824944602722
33-1011,First-Line Supervisors of Correctional Officers,0.1105448494642825,0.11130478258479,96.0,0.025,,First-line supervisors of oorrectional oﬃcers,0.0025406835090096003,53380.0,77970.0,39920.0,55910.0,High school diploma or equivalent,0.217391304347826,0.2826086956521739,0.3478260869565217,0.217391304347826,0.2826086956521739,0.3478260869565217,21.256521739130438,0.45405219780219763
33-1012,First-Line Supervisors of Police and Detectives,0.1184647633302687,0.1237388437085516,18.0,0.0044,,First-line supervisors of police and detectives,0.0036742192284138996,154610.0,106040.0,102200.0,78260.0,High school diploma or equivalent,0.1052631578947368,0.3289473684210526,0.5526315789473684,0.1578947368421052,0.3552631578947368,0.5526315789473684,36.67,0.4714916751613999
33-1021,First-Line Supervisors of Firefighting and Prevention Workers,0.118000385499438,0.1214507806747519,10.0,0.0036,,First-line supervisors of fire fighting and prevention workers,0.0020846633920079,99140.0,93530.0,58800.0,68240.0,Postsecondary nondegree award,0.2264150943396226,0.4150943396226415,0.6037735849056604,0.320754716981132,0.4056603773584905,0.490566037735849,23.884,0.4448816399060735
33-1091,First-Line Supervisors of Security Workers,0.1215821441120262,0.1204258702231402,,,,First-Line Supervisors of Security Workers,,81480.0,55940.0,,,High school diploma or equivalent,0.238095238095238,0.4047619047619047,0.5714285714285714,0.1428571428571428,0.2619047619047618,0.3809523809523809,38.31428571428571,0.4724639699227182
33-2011,Firefighters,0.0968275515658971,0.1011121852005215,197.0,0.17,,Firefighters,,345990.0,59280.0,302400.0,45250.0,Postsecondary nondegree award,0.1052631578947368,0.1403508771929824,0.175438596491228,0.0701754385964912,0.087719298245614,0.1052631578947368,4.940740740740741,0.4088726137591548
33-2021,Fire Inspectors and Investigators,0.1181609029161148,0.1174410445567066,289.0,0.48,,Fire inspectors and investigators,,13800.0,75920.0,13050.0,52230.0,Postsecondary nondegree award,0.1346153846153846,0.2884615384615385,0.4423076923076923,0.25,0.3846153846153846,0.5192307692307693,26.153333333333332,0.48457247758243316
33-2022,Forest Fire Inspectors and Prevention Specialists,0.1079290345535876,0.108434324177638,138.0,0.048,,Forest fire inspectors and prevention specialists,,2780.0,56870.0,1530.0,34910.0,High school diploma or equivalent,0.125,0.21875,0.3125,0.25,0.375,0.5,27.1,0.46961998139268585
33-3011,Bailiffs,0.0760677416989712,0.0758908283351969,252.0,0.36,,Bailiffs,,17310.0,56600.0,17310.0,38570.0,High school diploma or equivalent,0.0357142857142857,0.0357142857142857,0.0357142857142857,0.0714285714285714,0.1607142857142857,0.25,17.033333333333335,0.446101197751161
33-3012,Correctional Officers and Jailers,0.0917611002575366,0.0957634474314955,331.0,0.6,,Correctional oﬃcers and jailers,0.024234211932092,380500.0,58940.0,457550.0,39040.0,High school diploma or equivalent,0.2272727272727273,0.2613636363636363,0.2954545454545454,0.1136363636363636,0.2386363636363636,0.3636363636363636,16.4037037037037,0.42843810412639166
33-3021,Detectives and Criminal Investigators,0.1156948645425453,0.123529748012531,246.0,0.34,,Detectives and criminal investigators,0.0102930254980391,114430.0,93790.0,110640.0,68820.0,High school diploma or equivalent,0.1,0.3166666666666666,0.5333333333333333,0.0666666666666666,0.3,0.5333333333333333,21.490000000000002,0.47789819376026277
33-3031,Fish and Game Wardens,0.1116102755958869,0.1099798023077669,160.0,0.08,,Fish and game wardens,0.0028012664330105998,5770.0,74060.0,7240.0,49730.0,Bachelor's degree,0.0909090909090909,0.2840909090909091,0.4772727272727273,0.0454545454545454,0.1590909090909091,0.2727272727272727,17.175,0.4511111111111112
33-3041,Parking Enforcement Workers,0.0921873727538405,0.0948997684674702,482.0,0.84,,Parking enforcement workers,,9050.0,46730.0,9430.0,35390.0,High school diploma or equivalent,0.1794871794871795,0.3205128205128205,0.4615384615384615,0.1025641025641025,0.3205128205128205,0.5384615384615384,21.536363636363635,0.4277689212783724
33-3051,Police and Sheriff's Patrol Officers,0.0958483968548297,0.0999398359985005,167.0,0.098,,Police and sheriff’s patrol oﬃcers,0.015400450808458482,670520.0,76210.0,644300.0,53540.0,High school diploma or equivalent,0.0689655172413793,0.25,0.4310344827586206,0.1379310344827586,0.2327586206896551,0.3275862068965517,17.509999999999998,0.440998393673545
33-3052,Transit and Railroad Police,0.1137229249107639,0.1138082945605819,322.0,0.57,,Transit and railroad police,0.0022149548540084,4390.0,90230.0,3540.0,54330.0,High school diploma or equivalent,0.0833333333333333,0.2499999999999999,0.4166666666666666,0.25,0.4375,0.625,18.283333333333335,0.4303120165033522
33-9011,Animal Control Workers,0.077623483581254,0.0735855178735041,210.0,0.21,,Animal control workers,,12070.0,45660.0,15040.0,32050.0,High school diploma or equivalent,0.2666666666666666,0.35,0.4333333333333333,0.0,0.1333333333333333,0.2666666666666666,16.40625,0.4513666208581463
33-9021,Private Detectives and Investigators,0.102940966674174,0.1108608447582149,243.0,0.31,,Private detectives and investigators,0.00397388959101505,35580.0,51220.0,28210.0,42870.0,High school diploma or equivalent,0.074074074074074,0.3888888888888888,0.7037037037037037,0.2222222222222222,0.3888888888888888,0.5555555555555556,26.892857142857142,0.5185992217898833
33-9031,Gambling Surveillance Officers and Gambling Investigators,0.1132040002094748,0.1094280042146381,615.0,0.95,,Gaming surveillance oﬃcers and gaming investigators,,9520.0,43370.0,6620.0,30680.0,High school diploma or equivalent,0.25,0.4375,0.625,0.0,0.3125,0.625,46.35,0.5141352774402593
33-9032,Security Guards,0.1063728324388386,0.1080461101065116,478.0,0.84,,Security guards,0.0039087438600148,1283470.0,38020.0,1006880.0,23920.0,High school diploma or equivalent,0.1666666666666666,0.1666666666666666,0.1666666666666666,0.1666666666666666,0.2499999999999999,0.3333333333333333,22.335714285714285,0.44120307553143384
33-9091,Crossing Guards and Flaggers,0.0895230309806304,0.0933170811851363,294.0,0.49,,Crossing guards,0.0027361207020103,94360.0,38100.0,68740.0,23610.0,No formal educational credential,0.0526315789473684,0.1052631578947368,0.1578947368421052,0.0,0.2631578947368421,0.5263157894736842,14.933333333333332,0.43283582089552236
33-9092,"Lifeguards, Ski Patrol, and Other Recreational Protective Service Workers",0.0916678124350848,0.1022169115639476,373.0,0.67,,"Lifeguards, ski patrol, and other recreational protective service workers",,157550.0,33580.0,117540.0,18840.0,No formal educational credential,0.08,0.08,0.08,0.08,0.16,0.24,14.173333333333336,0.44345863491322274
33-9093,Transportation Security Screeners,0.0857798078286993,0.0875984491620745,,,,Transportation Security Screeners,0.0040390353220153,50290.0,66770.0,42430.0,37070.0,High school diploma or equivalent,0.0,0.26,0.52,0.04,0.23,0.42,35.323076923076925,0.44199727383599974
33-9094,School Bus Monitors,,,,,,School Bus Monitors,,78420.0,35100.0,,,High school diploma or equivalent,0.1666666666666666,0.1666666666666666,0.1666666666666666,0.0,0.1944444444444444,0.3888888888888888,,
35-1011,Chefs and Head Cooks,0.1121819933382523,0.1264468300284159,169.0,0.1,0.0,Chefs and head cooks,0.004634653434017556,200040.0,62470.0,90510.0,40630.0,High school diploma or equivalent,0.0952380952380952,0.2619047619047618,0.4285714285714285,0.1428571428571428,0.2619047619047618,0.3809523809523809,31.080952380952382,0.4755854680310418
35-1012,First-Line Supervisors of Food Preparation and Serving Workers,0.1296185509633597,0.140256910247276,349.0,0.63,,First-line supervisors of food preparation and serving workers,0.0039087438600148,1223240.0,44080.0,773400.0,29560.0,High school diploma or equivalent,0.2222222222222222,0.5111111111111112,0.8,0.0444444444444444,0.2555555555555555,0.4666666666666667,34.78846153846154,0.4876509963837809
35-2011,"Cooks, Fast Food",0.0874217697506129,0.0963362082139467,441.0,0.81,1.0,"Cooks, fast food",0.01029302549803905,641070.0,30890.0,525350.0,18100.0,No formal educational credential,0.0,0.0,0.0,0.0,0.0263157894736842,0.0526315789473684,13.094736842105263,0.45099457504520796
35-2012,"Cooks, Institution and Cafeteria",0.0957277635596652,0.1051695123073738,460.0,0.83,,"Cooks, institution and cafeteria",0.003517869474013333,441050.0,37450.0,387700.0,22730.0,No formal educational credential,0.0344827586206896,0.1206896551724137,0.2068965517241379,0.0344827586206896,0.0862068965517241,0.1379310344827586,26.305882352941175,0.45254784594786174
35-2013,"Cooks, Private Household",0.0954729111885863,0.1059618942884429,241.0,0.3,,"Cooks, private household",0.0019543719300074,1100.0,47940.0,400.0,25570.0,Postsecondary nondegree award,0.16,0.24,0.32,0.16,0.28,0.4,8.338461538461539,0.4525740904345033
35-2014,"Cooks, Restaurant",0.0903892974728674,0.0997974233557871,641.0,0.96,,"Cooks, restaurant",0.035341559067634254,1409890.0,37390.0,901310.0,22140.0,No formal educational credential,0.027027027027027,0.0945945945945946,0.1621621621621621,0.081081081081081,0.1216216216216216,0.1621621621621621,12.015,0.43144584062350877
35-2015,"Cooks, Short Order",0.0884140165186335,0.0952710704240721,601.0,0.94,,"Cooks, short order",0.0026058292400099,138650.0,35880.0,171780.0,19580.0,No formal educational credential,0.0,0.0,0.0,0.0,0.0,0.0,5.172727272727273,0.43390663390663387
35-2021,Food Preparation Workers,0.0812262152204111,0.0871368466376167,508.0,0.87,,Food preparation workers,0.008957538012534001,893600.0,35320.0,802650.0,19100.0,No formal educational credential,0.0185185185185185,0.037037037037037,0.0555555555555555,0.0,0.0462962962962962,0.0925925925925925,7.164516129032258,0.428298800436205
35-3011,Bartenders,0.0638451440292912,0.0767941317715487,422.0,0.77,,Bartenders,0.0059608343865226,756390.0,34340.0,495350.0,18680.0,No formal educational credential,0.1111111111111111,0.1944444444444444,0.2777777777777778,0.0833333333333333,0.1388888888888889,0.1944444444444444,27.639999999999997,0.4600309837335399
35-3023,Fast Food and Counter Workers,0.0919433854549528,0.0974349565216462,,,,Fast Food and Counter Workers,,3854050.0,31200.0,,,No formal educational credential,0.0208333333333333,0.0625,0.1041666666666666,0.0208333333333333,0.0729166666666666,0.125,12.2,0.4425185046378713
35-3031,Waiters and Waitresses,0.0807972378221891,0.0929448268504482,592.0,0.94,0.0,Waiters and waitresses,0.0070791694353602,2270910.0,35230.0,2244480.0,18330.0,No formal educational credential,0.0816326530612244,0.183673469387755,0.2857142857142857,0.2040816326530612,0.2244897959183673,0.2448979591836734,17.168000000000003,0.44388704587749817
35-3041,"Food Servers, Nonrestaurant",0.0901278583346182,0.0989137154635243,492.0,0.86,,"Food servers, nonrestaurant",,293900.0,35360.0,205330.0,19430.0,No formal educational credential,0.074074074074074,0.1296296296296296,0.1851851851851851,0.0,0.1111111111111111,0.2222222222222222,19.942857142857143,0.4409755253826861
35-9011,Dining Room and Cafeteria Attendants and Bartender Helpers,0.0695691597656218,0.0753077257538398,555.0,0.91,,Dining room and cafeteria attendants and bartender helpers,,542750.0,33980.0,390920.0,18190.0,No formal educational credential,0.0,0.0,0.0,0.0,0.0,0.0,2.356521739130435,0.4038428838632886
35-9021,Dishwashers,0.0882757589428166,0.0857183492408608,424.0,0.77,1.0,Dishwashers,,477450.0,34810.0,505950.0,18150.0,No formal educational credential,0.0,0.0,0.0,0.0,0.0,0.0,0.0,0.38999738607650086
35-9031,"Hosts and Hostesses, Restaurant, Lounge, and Coffee Shop",0.1005432851750912,0.1111839922605095,668.0,0.97,,"Hosts and hostesses, restaurant, lounge, and coffee shop",0.0628873456589056,432690.0,31200.0,329020.0,18450.0,No formal educational credential,0.0571428571428571,0.2285714285714285,0.3999999999999999,0.1999999999999999,0.3285714285714285,0.4571428571428571,32.225,0.48142456838109027
37-1011,First-Line Supervisors of Housekeeping and Janitorial Workers,0.1329610349701009,0.1363527490002876,607.0,0.94,,First-line Supervisors of housekeeping and janitorial workers,0.008059457578030586,178760.0,49100.0,172610.0,35090.0,High school diploma or equivalent,0.1632653061224489,0.2653061224489795,0.3673469387755101,0.0816326530612244,0.2551020408163265,0.4285714285714285,37.23461538461539,0.45688555945170545
37-1012,"First-Line Supervisors of Landscaping, Lawn Service, and Groundskeeping Workers",0.1429663920310946,0.1439425635452581,323.0,0.57,,"First-line supervisors of landscaping, lawn service, and groundskeeping workers",0.0108793370770413,130760.0,58430.0,100630.0,41860.0,High school diploma or equivalent,0.1454545454545454,0.3545454545454545,0.5636363636363636,0.0727272727272727,0.2454545454545454,0.4181818181818181,28.717857142857145,0.44859813084112143
37-2011,"Janitors and Cleaners, Except Maids and Housekeeping Cleaners",0.0954157983332116,0.0858401055651105,367.0,0.66,,"Janitors and cleaners, except maids and housekeeping cleaners",,2209760.0,36840.0,2058610.0,22210.0,No formal educational credential,0.0,0.0,0.0,0.0,0.0277777777777777,0.0555555555555555,5.623809523809523,0.408196164941456
37-2012,Maids and Housekeeping Cleaners,0.0819373043719446,0.078841192697249,381.0,0.69,0.0,Maids and housekeeping cleaners,0.0101627340360386,860670.0,35510.0,865960.0,19300.0,No formal educational credential,0.0,0.0,0.0,0.0588235294117647,0.0588235294117647,0.0588235294117647,3.055,0.41430440470998703
37-2021,Pest Control Workers,0.1062567819340149,0.0991134899625185,364.0,0.66,,Pest control workers,0.0025406835090096003,102620.0,45250.0,62490.0,30340.0,High school diploma or equivalent,0.1666666666666666,0.25,0.3333333333333333,0.0833333333333333,0.2291666666666666,0.375,19.130769230769232,0.4387658655144478
37-3011,Landscaping and Groundskeeping Workers,0.0824342820238645,0.0738798257578974,623.0,0.95,,Landscaping and groundskeeping workers,,952640.0,39150.0,829350.0,23400.0,No formal educational credential,0.0,0.024390243902439,0.048780487804878,0.0,0.024390243902439,0.048780487804878,1.7615384615384615,0.3837987537502886
37-3012,"Pesticide Handlers, Sprayers, and Applicators, Vegetation",0.0864967197516355,0.0812235983940649,654.0,0.97,,"Pesticide handlers, sprayers, and applicators, vegetation",,27050.0,46340.0,23200.0,29890.0,High school diploma or equivalent,0.0,0.0555555555555555,0.1111111111111111,0.0555555555555555,0.0555555555555555,0.0555555555555555,4.720000000000001,0.4244173140954495
37-3013,Tree Trimmers and Pruners,0.0933412769752378,0.0858584000514103,421.0,0.77,,Tree trimmers and pruners,0.0048207840940183,55160.0,50960.0,37540.0,30450.0,High school diploma or equivalent,0.048780487804878,0.0609756097560975,0.073170731707317,0.0,0.0609756097560975,0.1219512195121951,5.0375000000000005,0.38342309207933795
39-1013,First-Line Supervisors of Gambling Services Workers,0.1093045977840611,0.1123601110515087,,,,First-Line Supervisors of Gambling Services Workers,,26010.0,63820.0,,,High school diploma or equivalent,0.3076923076923077,0.4326923076923077,0.5576923076923077,0.173076923076923,0.3365384615384615,0.5,38.73571428571428,0.4776591829223407
39-1014,"First-Line Supervisors of Entertainment and Recreation Workers, Except Gambling Services",,,,,,"First-Line Supervisors of Entertainment and Recreation Workers, Except Gambling Services",,103190.0,48560.0,,,High school diploma or equivalent,0.1578947368421052,0.3684210526315789,0.5789473684210527,0.2631578947368421,0.3421052631578947,0.4210526315789473,,
39-1022,First-Line Supervisors of Personal Service Workers,0.1353017541847375,0.1396234197737574,,,,First-Line Supervisors of Personal Service Workers,,114110.0,48590.0,,,High school diploma or equivalent,0.1034482758620689,0.4137931034482758,0.7241379310344828,0.2413793103448275,0.3620689655172414,0.4827586206896551,43.2235294117647,0.5046792007419273
39-2011,Animal Trainers,0.0755553997510121,0.0827133173886786,170.0,0.1,,Animal trainers,0.0022149548540084,18770.0,39990.0,9740.0,26580.0,High school diploma or equivalent,0.0689655172413793,0.1034482758620689,0.1379310344827586,0.1379310344827586,0.1379310344827586,0.1379310344827586,11.766666666666667,0.4332784184514003
39-2021,Animal Caretakers,0.080836331665632,0.0821825540125469,452.0,0.82,,Nonfarm animal caretakers,0.0049510755560188,266910.0,35360.0,135070.0,19550.0,High school diploma or equivalent,0.1818181818181818,0.2727272727272727,0.3636363636363636,0.1515151515151515,0.1818181818181818,0.2121212121212121,16.413636363636364,0.44125659799080535
39-3011,Gambling Dealers,0.0767145375266225,0.0866834576666112,639.0,0.96,1.0,Gaming dealers,,83910.0,34320.0,85430.0,18090.0,High school diploma or equivalent,0.1351351351351351,0.1351351351351351,0.1351351351351351,0.1081081081081081,0.1486486486486486,0.1891891891891892,22.01904761904762,0.474642177546124
39-3012,Gambling and Sports Book Writers and Runners,0.0765406812506821,0.0834893829610666,544.0,0.91,,Gaming and sports book writers and runners,,8950.0,34980.0,13450.0,20850.0,High school diploma or equivalent,0.2307692307692307,0.2692307692307693,0.3076923076923077,0.0769230769230769,0.2307692307692307,0.3846153846153846,28.716666666666665,0.4915081521739131
39-3021,Motion Picture Projectionists,0.0959791189140076,0.0942046921848024,659.0,0.97,,Motion picture projectionists,,1480.0,38270.0,9440.0,20370.0,No formal educational credential,0.0909090909090909,0.1818181818181818,0.2727272727272727,0.0,0.0757575757575757,0.1515151515151515,14.947058823529412,0.4243613357892208
39-3031,"Ushers, Lobby Attendants, and Ticket Takers",0.0842330307516603,0.0967019402614235,642.0,0.96,,"Ushers, lobby attendants, and ticket takers",0.00397388959101505,121770.0,32910.0,107200.0,18560.0,No formal educational credential,0.1142857142857142,0.1428571428571428,0.1714285714285714,0.1428571428571428,0.1999999999999999,0.2571428571428571,20.178260869565218,0.4567890391709116
39-3091,Amusement and Recreation Attendants,0.093492195681138,0.1034763038799326,393.0,0.72,,Amusement and recreation attendants,0.0106838998840405,397830.0,32150.0,254630.0,18450.0,No formal educational credential,0.1923076923076923,0.2115384615384615,0.2307692307692307,0.3076923076923077,0.3653846153846154,0.4230769230769231,22.958823529411767,0.44748115147361206
39-3092,Costume Attendants,0.1050796137098971,0.1112225979966069,336.0,0.61,,Costume attendants,0.00508136701801925,6510.0,50400.0,5490.0,29150.0,High school diploma or equivalent,0.1111111111111111,0.2638888888888889,0.4166666666666666,0.0,0.2361111111111111,0.4722222222222222,18.51904761904762,0.4582360786928976
39-3093,"Locker Room, Coatroom, and Dressing Room Attendants",0.1010106975789793,0.1053067876043273,280.0,0.43,,"Locker room, coatroom, and dressing room attendants",0.0163515784810621,15560.0,36300.0,17280.0,19450.0,High school diploma or equivalent,0.064516129032258,0.064516129032258,0.064516129032258,0.064516129032258,0.1451612903225806,0.2258064516129032,12.856521739130434,0.4564713003127206
39-4011,Embalmers,0.0576252734172362,0.0615275793628659,308.0,0.54,,Embalmers,,3890.0,58780.0,6780.0,43480.0,Associate's degree,0.04,0.04,0.04,0.0,0.04,0.08,7.265384615384614,0.43530478132789485
39-4012,Crematory Operators,,,,,,Crematory Operators,,2970.0,43650.0,,,High school diploma or equivalent,0.0,0.0416666666666666,0.0833333333333333,0.0,0.125,0.25,,
39-4021,Funeral Attendants,0.0632636493819514,0.070283805989068,257.0,0.37,,Funeral attendants,0.0065145731000247,31090.0,35680.0,29810.0,22990.0,High school diploma or equivalent,0.1777777777777777,0.1777777777777777,0.1777777777777777,0.1555555555555555,0.2333333333333333,0.3111111111111111,12.5,0.441256710375781
39-4031,"Morticians, Undertakers, and Funeral Arrangers",0.0733354593119736,0.0796950697341575,,,,"Morticians, Undertakers, and Funeral Arrangers",0.0064494273690244505,25100.0,55010.0,,,Associate's degree,0.0930232558139534,0.1627906976744186,0.2325581395348837,0.0,0.0930232558139534,0.1860465116279069,19.904545454545456,0.4639486598716497
39-5011,Barbers,0.0778943766406344,0.0783268881727522,439.0,0.8,,Barbers,0.0040390353220153006,15000.0,38210.0,9360.0,23810.0,Postsecondary nondegree award,0.088235294117647,0.1617647058823529,0.2352941176470588,0.0,0.0735294117647058,0.1470588235294117,22.91111111111111,0.445099043715847
39-5012,"Hairdressers, Hairstylists, and Cosmetologists",0.0907340308160598,0.0925205962470902,176.0,0.11,0.0,"Hairdressers, hairstylists, and cosmetologists",0.006167129201356734,305710.0,35790.0,349420.0,22760.0,Postsecondary nondegree award,0.0526315789473684,0.0789473684210526,0.1052631578947368,0.0,0.0526315789473684,0.1052631578947368,15.899999999999999,0.4702492211838006
39-5091,"Makeup Artists, Theatrical and Performance",0.0902248986750607,0.0979269601248361,50.0,0.01,,"Makeup artists, theatrical and performance",0.004039035322015325,2340.0,97150.0,2240.0,38130.0,Postsecondary nondegree award,0.048780487804878,0.3414634146341463,0.6341463414634146,0.048780487804878,0.2439024390243902,0.4390243902439024,23.972727272727273,0.47189915209724625
39-5092,Manicurists and Pedicurists,0.0755123983781226,0.0744221337576701,610.0,0.95,,Manicurists and pedicurists,,152770.0,35760.0,51990.0,19650.0,Postsecondary nondegree award,0.0555555555555555,0.0833333333333333,0.1111111111111111,0.0,0.0555555555555555,0.1111111111111111,12.422222222222222,0.46846846846846846
39-5093,Shampooers,0.0608119343191981,0.0570787546927468,432.0,0.79,,Shampooers,0.0037784523980143,8070.0,32600.0,14220.0,18270.0,No formal educational credential,0.1428571428571428,0.1428571428571428,0.1428571428571428,0.0,0.0714285714285714,0.1428571428571428,31.224999999999998,0.4476102088167054
39-5094,Skincare Specialists,0.073950387486556,0.0761387226103282,236.0,0.29,,Skincare specialists,,72890.0,45330.0,30230.0,28920.0,Postsecondary nondegree award,0.0606060606060606,0.1969696969696969,0.3333333333333333,0.0606060606060606,0.106060606060606,0.1515151515151515,18.066666666666666,0.475629973474801
39-6011,Baggage Porters and Bellhops,0.0923035468267679,0.0971261076241718,469.0,0.83,,Baggage porters and bellhops,0.0144623522820549,28510.0,37080.0,44740.0,20270.0,High school diploma or equivalent,0.074074074074074,0.1481481481481481,0.2222222222222222,0.2592592592592592,0.2777777777777778,0.2962962962962963,14.617647058823529,0.42090268406057874
39-6012,Concierges,0.0786984442414547,0.0883507835885657,211.0,0.21,0.0,Concierges,0.0177196388320673,49240.0,38950.0,19650.0,27860.0,High school diploma or equivalent,0.1333333333333333,0.4666666666666667,0.8,0.6666666666666666,0.7,0.7333333333333333,30.783333333333335,0.5392573434324776
39-7011,Tour Guides and Escorts,0.1045693091394765,0.1191337592567139,546.0,0.91,,Tour guides and escorts,0.005645963353354767,,,29690.0,23290.0,,0.1538461538461538,0.2692307692307693,0.3846153846153846,0.3076923076923077,0.3461538461538461,0.3846153846153846,21.347368421052632,0.514075316927666
39-7012,Travel Guides,0.095531050336547,0.1079506761738899,143.0,0.057,,Travel guides,0.012855424250715434,,,3620.0,29780.0,,0.16,0.38,0.6,0.32,0.4,0.48,26.63529411764706,0.4981170563313981
39-9011,Childcare Workers,0.084498267860539,0.0950840615818643,163.0,0.084,0.0,Childcare workers,0.0094678462387026,518910.0,34980.0,611280.0,19300.0,High school diploma or equivalent,0.1136363636363636,0.1477272727272727,0.1818181818181818,0.2045454545454545,0.3295454545454545,0.4545454545454546,13.604166666666666,0.4990452469904524
39-9031,Exercise Trainers and Group Fitness Instructors,0.0867466896905261,0.1091901334531747,164.0,0.085,,Fitness trainers and aerobics instructors,0.00260582924000985,322930.0,47160.0,225490.0,31090.0,High school diploma or equivalent,0.0,0.0147058823529411,0.0294117647058823,0.1470588235294117,0.2352941176470588,0.3235294117647059,22.835,0.42340765542957165
39-9032,Recreation Workers,0.1113443638175961,0.1247666878813489,29.0,0.0061,,Recreation workers,0.00273612070201035,331490.0,36560.0,293430.0,22260.0,High school diploma or equivalent,0.119047619047619,0.238095238095238,0.3571428571428571,0.0952380952380952,0.25,0.4047619047619047,32.704166666666666,0.48591098302913854
39-9041,Residential Advisors,0.103440541565992,0.1128627194160159,148.0,0.064,,Residential advisors,0.006931505778426279,84760.0,42240.0,65610.0,24440.0,High school diploma or equivalent,0.1,0.24,0.38,0.18,0.28,0.38,29.48,0.49987530135505853
41-1011,First-Line Supervisors of Retail Sales Workers,0.1240953292328823,0.1382857376138527,233.0,0.28,,First-line supervisors of retail sales workers,0.006351708772524075,1121800.0,48520.0,1172070.0,35820.0,High school diploma or equivalent,0.081081081081081,0.4864864864864865,0.8918918918918919,0.1621621621621621,0.4054054054054054,0.6486486486486487,38.357142857142854,0.49384715025906734
41-1012,First-Line Supervisors of Non-Retail Sales Workers,0.1298915824291951,0.1449352738160669,156.0,0.075,,First-line supervisors of non-retail sales workers,0.006335422339774012,214390.0,87520.0,244320.0,68880.0,High school diploma or equivalent,0.1111111111111111,0.537037037037037,0.9629629629629628,0.1851851851851851,0.4444444444444444,0.7037037037037037,34.17777777777778,0.5700853212606651
41-2011,Cashiers,0.1018408621586984,0.1098528081322013,657.0,0.97,1.0,Cashiers,0.04599288608617472,3089410.0,32880.0,3354170.0,18500.0,No formal educational credential,0.1395348837209302,0.2093023255813953,0.2790697674418604,0.2325581395348837,0.3604651162790697,0.4883720930232558,35.964285714285715,0.4676936619718311
41-2012,Gambling Change Persons and Booth Cashiers,0.0827739542281301,0.0873255162448892,470.0,0.83,,Gaming change persons and booth cashiers,,21530.0,36220.0,19570.0,23170.0,No formal educational credential,0.238095238095238,0.2619047619047618,0.2857142857142857,0.0,0.3095238095238095,0.6190476190476191,36.10769230769231,0.46568587826368113
41-2021,Counter and Rental Clerks,0.1159469906891414,0.1281098330240374,661.0,0.97,,Counter and rental clerks,0.038631418483146746,400810.0,41300.0,414730.0,22100.0,No formal educational credential,0.2580645161290322,0.532258064516129,0.8064516129032258,0.5483870967741935,0.6774193548387096,0.8064516129032258,42.2875,0.46767415548731206
41-2022,Parts Salespersons,0.1094757418957592,0.1144269663103697,676.0,0.98,,Parts salespersons,0.011758804445544625,270070.0,38630.0,201610.0,28860.0,No formal educational credential,0.1714285714285714,0.3428571428571428,0.5142857142857142,0.2857142857142857,0.3428571428571428,0.3999999999999999,28.805263157894736,0.4795522388059701
41-2031,Retail Salespersons,0.1029296893864235,0.116643183888913,570.0,0.92,,Retail salespersons,0.022214694271084367,3897860.0,35410.0,4155190.0,20670.0,No formal educational credential,0.0789473684210526,0.3421052631578947,0.6052631578947368,0.2631578947368421,0.3552631578947368,0.4473684210526315,37.30416666666667,0.4983782861044725
41-3011,Advertising Sales Agents,0.1162812740978506,0.1344255206534227,312.0,0.54,,Advertising sales agents,0.007774057232696155,91700.0,64820.0,145160.0,45350.0,High school diploma or equivalent,0.1794871794871795,0.5384615384615384,0.8974358974358974,0.4358974358974359,0.6923076923076923,0.9487179487179488,40.44,0.550699602694766
41-3021,Insurance Sales Agents,0.1025039076834897,0.1109616538193287,565.0,0.92,,Insurance sales agents,0.0040607505656820335,479100.0,62280.0,318800.0,46770.0,High school diploma or equivalent,0.1515151515151515,0.5757575757575758,1.0,0.3333333333333333,0.5303030303030303,0.7272727272727273,41.23157894736842,0.5740671988119547
41-3031,"Securities, Commodities, and Financial Services Sales Agents",0.1177892008716751,0.1296845403633289,74.0,0.016,,"Securities, commodities, and financial services sales agents",0.021107216844080155,489570.0,78660.0,276290.0,70190.0,Bachelor's degree,0.2115384615384615,0.6057692307692308,1.0,0.2692307692307693,0.5192307692307693,0.7692307692307693,45.41538461538461,0.5827312138728322
41-3041,Travel Agents,0.1042921104697831,0.1292513320631063,168.0,0.099,,Travel agents,0.006775156024025701,55110.0,50160.0,70930.0,31870.0,High school diploma or equivalent,0.125,0.5625,1.0,0.25,0.5625,0.875,58.1625,0.5485536270582998
41-3091,"Sales Representatives of Services, Except Advertising, Insurance, Financial Services, and Travel",,,,,,"Sales Representatives of Services, Except Advertising, Insurance, Financial Services, and Travel",,1256010.0,69990.0,,,High school diploma or equivalent,0.3333333333333333,0.6333333333333333,0.9333333333333332,0.3333333333333333,0.5666666666666667,0.8,,
41-4011,"Sales Representatives, Wholesale and Manufacturing, Technical and Scientific Products",0.1296234997713163,0.141984838087764,228.0,0.25,,"Sales representatives, wholesale and manufacturing, technical and scientific products",0.02093969925007953,284800.0,104920.0,381080.0,73710.0,Bachelor's degree,0.1578947368421052,0.5350877192982456,0.912280701754386,0.3859649122807017,0.5701754385964912,0.7543859649122806,41.49090909090909,0.5630475179187683
41-4012,"Sales Representatives, Wholesale and Manufacturing, Except Technical and Scientific Products",0.1138793228410003,0.1283499416957968,484.0,0.85,,"Sales representatives, wholesale and manufacturing, except technical and scientific products",0.0159118447968104,1238190.0,72080.0,1367210.0,52440.0,High school diploma or equivalent,0.2413793103448275,0.6206896551724138,1.0,0.4827586206896551,0.7068965517241379,0.9310344827586208,45.666666666666664,0.5047700902449506
41-9011,Demonstrators and Product Promoters,0.1120949108591027,0.132304989378908,302.0,0.51,,Demonstrators and product promoters,0.0174329976156662,64520.0,39320.0,75790.0,23110.0,No formal educational credential,0.0512820512820512,0.1282051282051282,0.2051282051282051,0.2051282051282051,0.3974358974358974,0.5897435897435898,30.88095238095238,0.48420188756668037
41-9012,Models,0.0812862740440569,0.0955707470905731,669.0,0.98,,Models,0.0059934072520227,3780.0,48470.0,1020.0,32920.0,No formal educational credential,0.1333333333333333,0.2333333333333333,0.3333333333333333,0.0666666666666666,0.4,0.7333333333333334,20.02,0.441182405165456
41-9021,Real Estate Brokers,0.101575107877843,0.1051937900952338,663.0,0.97,,Real estate brokers,0.00614975700642333,46100.0,73220.0,41210.0,54910.0,High school diploma or equivalent,0.0,0.5,1.0,0.125,0.421875,0.71875,41.40588235294118,0.5539919586444572
41-9022,Real Estate Sales Agents,0.1060195911282555,0.1145795436782807,497.0,0.86,,Real estate sales agents,0.013075678865049628,193370.0,52830.0,153740.0,40030.0,High school diploma or equivalent,0.0,0.4375,0.875,0.2857142857142857,0.4107142857142857,0.5357142857142857,35.21818181818182,0.5172554792280014
41-9031,Sales Engineers,0.1383446243718919,0.1487735668094995,14.0,0.0041,,Sales engineers,0.00974580135763698,51790.0,124900.0,66060.0,87390.0,Bachelor's degree,0.1590909090909091,0.5113636363636364,0.8636363636363636,0.3181818181818182,0.5340909090909091,0.75,38.508,0.5755693581780539
41-9041,Telemarketers,0.1018451069568292,0.1222925507537941,702.0,0.99,,Telemarketers,0.01420176935805395,58430.0,35450.0,288760.0,22310.0,No formal educational credential,0.611111111111111,0.8055555555555555,1.0,0.2222222222222222,0.5277777777777778,0.8333333333333333,57.28333333333333,0.5244121058736686
41-9091,"Door-to-Door Sales Workers, News and Street Vendors, and Related Workers",0.1131565248071215,0.1311369672184567,606.0,0.94,,"Door-to-door sales workers, news and street vendors, and related workers",0.0071986032755273,2760.0,41380.0,7590.0,22190.0,No formal educational credential,0.1739130434782608,0.2608695652173913,0.3478260869565217,0.5217391304347826,0.5217391304347826,0.5217391304347826,22.224999999999998,0.5465080817322354
43-1011,First-Line Supervisors of Office and Administrative Support Workers,0.1578431058381227,0.1684521017981902,65.0,0.014,,First-line supervisors of oﬃce and administrative support workers,0.02767190204487434,1436680.0,69500.0,1359950.0,47460.0,High school diploma or equivalent,0.0833333333333333,0.4895833333333333,0.8958333333333333,0.2291666666666666,0.53125,0.8333333333333333,44.43928571428571,0.5516836991120789
43-2011,"Switchboard Operators, Including Answering Service",0.1281991995645125,0.1328808861606455,631.0,0.96,1.0,"Switchboard operators, including answering service",0.033745488658128174,34280.0,38630.0,138200.0,24920.0,High school diploma or equivalent,0.5161290322580645,0.6290322580645161,0.7419354838709677,0.3870967741935484,0.4838709677419355,0.5806451612903225,60.17368421052631,0.5081860465116279
43-2021,Telephone Operators,0.1065845002428525,0.1107240184500011,664.0,0.97,,Telephone operators,,3430.0,41740.0,18650.0,31970.0,High school diploma or equivalent,0.8421052631578947,0.894736842105263,0.9473684210526316,0.3684210526315789,0.5526315789473684,0.7368421052631579,55.278571428571425,0.49708496607091657
43-3011,Bill and Account Collectors,0.0887606161298644,0.0972695013984024,613.0,0.95,,Bill and account collectors,0.005174432348019614,158830.0,47030.0,399950.0,31310.0,High school diploma or equivalent,0.3928571428571428,0.6964285714285714,1.0,0.1071428571428571,0.4285714285714285,0.75,47.04,0.5499711149624493
43-3021,Billing and Posting Clerks,0.1226019036702838,0.1274125568119822,643.0,0.96,,Billing and posting clerks,0.004858010226018414,404060.0,48500.0,483440.0,32170.0,High school diploma or equivalent,0.6904761904761905,0.7738095238095237,0.8571428571428571,0.1904761904761904,0.4166666666666666,0.6428571428571428,56.94347826086957,0.5438892008235073
43-3031,"Bookkeeping, Accounting, and Auditing Clerks",0.1357816282426784,0.1429981579403043,671.0,0.98,,"Bookkeeping, accounting, and auditing clerks",0.01336790400125075,1373680.0,50670.0,1675250.0,34030.0,"Some college, no degree",0.6046511627906976,0.8023255813953488,1.0,0.1395348837209302,0.313953488372093,0.4883720930232558,62.753571428571426,0.5563218390804598
43-3041,Gambling Cage Workers,0.1035831464340376,0.1062767087861133,269.0,0.39,,Gaming cage workers,0.0029967036260113,14430.0,37580.0,15640.0,25690.0,High school diploma or equivalent,0.3870967741935484,0.4193548387096774,0.4516129032258064,0.3225806451612903,0.4193548387096774,0.5161290322580645,33.8235294117647,0.5068446848064898
43-3051,Payroll and Timekeeping Clerks,0.1235370353045847,0.1292918120771695,666.0,0.97,,Payroll and timekeeping clerks,0.00338757801201285,153140.0,58260.0,180280.0,36330.0,High school diploma or equivalent,0.6756756756756757,0.8378378378378379,1.0,0.1621621621621621,0.4864864864864865,0.8108108108108109,65.48095238095237,0.5577335946980304
43-3061,Procurement Clerks,0.1250166430042363,0.1304743744266512,680.0,0.98,,Procurement clerks,0.0028664121640108254,55810.0,50580.0,73650.0,36790.0,High school diploma or equivalent,0.2571428571428571,0.6142857142857142,0.9714285714285714,0.2571428571428571,0.4571428571428571,0.6571428571428571,61.04210526315789,0.5594520547945206
43-3071,Tellers,0.1141312095522382,0.1185286649684223,683.0,0.98,,Tellers,0.0054722414040207,329480.0,43030.0,556310.0,24100.0,High school diploma or equivalent,0.3125,0.5416666666666666,0.7708333333333333,0.2291666666666666,0.3333333333333333,0.4375,42.76428571428572,0.5065933176927433
43-4011,Brokerage Clerks,0.1394350190309239,0.1448322444518506,688.0,0.98,,Brokerage clerks,0.0084037992990319,35940.0,65750.0,57600.0,40160.0,High school diploma or equivalent,0.5333333333333333,0.7666666666666666,1.0,0.7333333333333333,0.8,0.8666666666666667,65.02000000000001,0.5579322638146166
43-4021,Correspondence Clerks,0.1237930547543643,0.1372932263040979,500.0,0.86,,Correspondence clerks,0.05155819282019589,4290.0,46800.0,9470.0,33410.0,High school diploma or equivalent,0.9642857142857142,0.9642857142857142,0.9642857142857142,0.5714285714285714,0.7321428571428571,0.8928571428571428,68.5529411764706,0.5755001887504719
43-4031,"Court, Municipal, and License Clerks",0.1202604040109371,0.1234901342847946,285.0,0.46,,"Court, municipal, and license clerks",0.01899649515967214,179750.0,48700.0,123510.0,34390.0,High school diploma or equivalent,0.4363636363636363,0.7,0.9636363636363636,0.3090909090909091,0.5909090909090908,0.8727272727272727,59.3074074074074,0.5364946958019767
43-4041,"Credit Authorizers, Checkers, and Clerks",0.0970071796268952,0.1057595623498675,667.0,0.97,1.0,"Credit authorizers, checkers, and clerks",0.00547224140402075,12030.0,50080.0,53770.0,32490.0,High school diploma or equivalent,0.35,0.65,0.95,0.25,0.5750000000000001,0.9,66.13636363636364,0.5510541144467113
43-4051,Customer Service Representatives,0.1220627735840754,0.1245582305502847,315.0,0.55,,Customer service representatives,0.014679504718722383,2595750.0,44770.0,2146120.0,30460.0,High school diploma or equivalent,0.1363636363636363,0.5681818181818182,1.0,0.5454545454545454,0.7045454545454546,0.8636363636363636,57.16153846153846,0.537850383860025
43-4061,"Eligibility Interviewers, Government Programs",0.113320129705836,0.1246909481576312,383.0,0.7,,"Eligibility interviewers, government programs",0.016329863237395333,154800.0,54210.0,118920.0,39960.0,High school diploma or equivalent,0.4,0.68,0.96,0.28,0.62,0.96,51.12352941176471,0.560528992878942
43-4071,File Clerks,0.1406052870717445,0.1399374797845342,662.0,0.97,1.0,File clerks,0.007915206316530025,73440.0,43600.0,174910.0,25090.0,High school diploma or equivalent,0.6764705882352942,0.7941176470588235,0.9117647058823528,0.1764705882352941,0.4705882352941176,0.7647058823529411,52.33684210526316,0.5144797120418849
43-4081,"Hotel, Motel, and Resort Desk Clerks",0.1048082952349673,0.1095066633183686,604.0,0.94,,"Hotel, motel, and resort desk clerks",0.00550481426952085,261420.0,35070.0,222540.0,19930.0,High school diploma or equivalent,0.2051282051282051,0.5,0.7948717948717948,0.2051282051282051,0.3974358974358974,0.5897435897435898,44.015,0.5191857323004865
43-4111,"Interviewers, Except Eligibility and Loan",0.1247035150229013,0.1388639976663492,600.0,0.94,,"Interviewers, except eligibility and loan",0.0131408245960499,148060.0,45920.0,204730.0,28820.0,High school diploma or equivalent,0.5172413793103449,0.6724137931034483,0.8275862068965517,0.3103448275862069,0.4310344827586206,0.5517241379310345,41.36875,0.5379947722180732
43-4121,"Library Assistants, Clerical",0.1186737423190079,0.1319861942382417,616.0,0.95,,"Library assistants, clerical",0.016253859884561725,85520.0,36910.0,110210.0,23120.0,High school diploma or equivalent,0.3275862068965517,0.5344827586206896,0.7413793103448276,0.2413793103448275,0.4396551724137931,0.6379310344827586,26.603125,0.5018723330140207
43-4131,Loan Interviewers and Clerks,0.1060480604966278,0.1100028068843602,563.0,0.92,,Loan interviewers and clerks,0.00794777918203015,164790.0,50020.0,181600.0,33970.0,High school diploma or equivalent,0.1875,0.59375,1.0,0.125,0.5,0.875,61.65555555555555,0.5706564379740213
43-4141,New Accounts Clerks,0.1102998947218586,0.112722410554593,693.0,0.99,,New accounts clerks,0.0044299097080168,36860.0,47670.0,67170.0,30440.0,High school diploma or equivalent,0.28,0.56,0.8400000000000001,0.52,0.6,0.68,50.46666666666667,0.5463898585338967
43-4151,Order Clerks,0.1176728837059012,0.1259126624282525,687.0,0.98,,Order clerks,0.00355044233951345,75200.0,46170.0,211370.0,28710.0,"Some college, no degree",0.4285714285714285,0.7142857142857143,1.0,0.4285714285714285,0.6,0.7714285714285714,64.13157894736842,0.538172606568833
43-4161,"Human Resources Assistants, Except Payroll and Timekeeping",0.1348876942317448,0.1450625144829184,532.0,0.9,1.0,"Human resources assistants, except payroll and timekeeping",0.014755508071556038,90220.0,50610.0,150090.0,36800.0,Associate's degree,0.2758620689655172,0.6206896551724138,0.9655172413793104,0.1379310344827586,0.4655172413793103,0.7931034482758621,55.75789473684211,0.5647002398081534
43-4171,Receptionists and Information Clerks,0.1312275231922381,0.1420612263470277,628.0,0.96,,Receptionists and information clerks,0.009699475504481234,910180.0,38010.0,997080.0,25240.0,High school diploma or equivalent,0.2,0.5333333333333333,0.8666666666666667,0.4333333333333333,0.5833333333333334,0.7333333333333333,56.32222222222222,0.5321916526296088
43-4181,Reservation and Transportation Ticket Agents and Travel Clerks,0.1159732211955984,0.1296574314506408,338.0,0.61,,Reservation and transportation ticket agents and travel clerks,0.0156566906837261,118710.0,44390.0,121250.0,31740.0,High school diploma or equivalent,0.1142857142857142,0.4571428571428571,0.7999999999999999,0.3714285714285714,0.5285714285714286,0.6857142857142857,50.92380952380953,0.49131553554197493
43-5011,Cargo and Freight Agents,0.1034721688539204,0.1109891842367519,696.0,0.99,,Cargo and freight agents,0.0039087438600148,97670.0,52260.0,81390.0,37150.0,High school diploma or equivalent,0.2424242424242424,0.4696969696969697,0.696969696969697,0.0909090909090909,0.2727272727272727,0.4545454545454546,34.09583333333333,0.5093061154472939
43-5021,Couriers and Messengers,0.1050856020746857,0.1158291124772003,599.0,0.94,1.0,Couriers and messengers,0.0284035387161079,68640.0,39200.0,85620.0,24080.0,High school diploma or equivalent,0.2413793103448275,0.3103448275862069,0.3793103448275862,0.0,0.1551724137931034,0.3103448275862069,18.240000000000002,0.4161199625117151
43-5031,Public Safety Telecommunicators,0.1207381886237651,0.1229271753455839,298.0,0.49,,"Police, fire, and ambulance dispatchers",0.014114908383386901,102500.0,53040.0,97740.0,35370.0,High school diploma or equivalent,0.40625,0.65625,0.90625,0.4375,0.59375,0.75,52.21666666666667,0.5137621832358674
43-5032,"Dispatchers, Except Police, Fire, and Ambulance",0.1431892565486306,0.1483071857961067,627.0,0.96,,"Dispatchers, except police, fire, and ambulance",,202810.0,50340.0,180540.0,34560.0,High school diploma or equivalent,0.3478260869565217,0.6739130434782609,1.0,0.3478260869565217,0.6521739130434783,0.9565217391304348,54.73333333333333,0.5483021847854699
43-5041,"Meter Readers, Utilities",0.0868870714660236,0.0883535020894828,485.0,0.85,1.0,"Meter readers, utilities",,19430.0,48150.0,40160.0,34820.0,High school diploma or equivalent,0.3333333333333333,0.4374999999999999,0.5416666666666666,0.0833333333333333,0.3541666666666666,0.625,26.849999999999998,0.4140959409594096
43-5051,Postal Service Clerks,0.0905261444653557,0.0980808982140523,625.0,0.95,,Postal service clerks,0.0032572865500123,73720.0,62130.0,67320.0,53100.0,No formal educational credential,0.1481481481481481,0.3148148148148147,0.4814814814814814,0.1481481481481481,0.2777777777777778,0.4074074074074074,25.80526315789474,0.46462820311271813
43-5052,Postal Service Mail Carriers,0.0780374959694086,0.0838285896967633,375.0,0.68,,Postal service mail carriers,,328820.0,60550.0,324990.0,53860.0,No formal educational credential,0.2051282051282051,0.2307692307692307,0.2564102564102564,0.1794871794871795,0.3461538461538461,0.5128205128205128,30.361904761904764,0.4135344283006949
43-5053,"Postal Service Mail Sorters, Processors, and Processing Machine Operators",0.0868276989328496,0.0900831584361833,430.0,0.79,,"Postal service mail sorters, processors, and processing machine operators",,105200.0,58470.0,145690.0,53080.0,No formal educational credential,0.1,0.1,0.1,0.05,0.125,0.2,16.67142857142857,0.4207277973709523
43-5061,"Production, Planning, and Expediting Clerks",0.1668918255062726,0.1719405791075255,513.0,0.88,,"Production, planning, and expediting clerks",0.010918424515641439,390160.0,59650.0,266170.0,42220.0,High school diploma or equivalent,0.2692307692307693,0.5961538461538461,0.9230769230769232,0.1538461538461538,0.5192307692307693,0.8846153846153847,57.49411764705882,0.5225931546113639
43-5071,"Shipping, Receiving, and Inventory Clerks",0.1213018406943831,0.1311922296795262,679.0,0.98,,"Shipping, receiving, and traﬃc clerks",0.0033441475246793334,816870.0,45260.0,687850.0,28370.0,High school diploma or equivalent,0.2857142857142857,0.5,0.7142857142857142,0.1904761904761904,0.3571428571428571,0.5238095238095237,41.92727272727273,0.4342256654138222
43-5111,"Weighers, Measurers, Checkers, and Samplers, Recordkeeping",0.1375544816913366,0.1488797333441465,611.0,0.95,,"Weighers, measurers, checkers, and samplers, recordkeeping",0.020781488189078903,53300.0,46380.0,66480.0,27170.0,High school diploma or equivalent,0.2068965517241379,0.293103448275862,0.3793103448275862,0.1724137931034483,0.2758620689655172,0.3793103448275862,28.555555555555557,0.46863667926857494
43-6011,Executive Secretaries and Executive Administrative Assistants,0.1421055803142339,0.1516215569587467,490.0,0.86,,Executive secretaries and executive administrative assistants,0.024934528540344714,459910.0,76590.0,1132070.0,43520.0,High school diploma or equivalent,0.3783783783783784,0.6486486486486487,0.918918918918919,0.6216216216216217,0.7432432432432433,0.8648648648648649,53.040909090909096,0.5504516129032258
43-6012,Legal Secretaries and Administrative Assistants,0.1274665063979472,0.1352143986996974,672.0,0.98,,Legal secretaries,0.0045602011700173,156280.0,55570.0,228700.0,41500.0,High school diploma or equivalent,0.3913043478260869,0.6956521739130435,1.0,0.5217391304347826,0.7608695652173912,1.0,50.69285714285714,0.530175566934894
43-6013,Medical Secretaries and Administrative Assistants,0.126642904378265,0.1413307125691414,447.0,0.81,,Medical secretaries,0.004429909708016767,961610.0,45930.0,494650.0,30530.0,High school diploma or equivalent,0.3333333333333333,0.6666666666666666,1.0,0.3703703703703703,0.611111111111111,0.8518518518518519,53.96,0.5357896756860487
43-6014,"Secretaries and Administrative Assistants, Except Legal, Medical, and Executive",0.1454745086262251,0.1524747362630542,634.0,0.96,,"Secretaries and administrative assistants, except legal, medical, and executive",0.02173261586168252,1706790.0,47540.0,1841020.0,30830.0,High school diploma or equivalent,0.3846153846153846,0.6442307692307693,0.903846153846154,0.3653846153846154,0.5673076923076923,0.7692307692307693,51.60645161290322,0.5389786201101672
43-9021,Data Entry Keyers,0.1416605340313019,0.1399038398092353,691.0,0.99,1.0,Data entry keyers,0.007079169435360167,127080.0,41340.0,219530.0,27450.0,High school diploma or equivalent,0.8571428571428571,0.8928571428571428,0.9285714285714284,0.2142857142857142,0.4999999999999999,0.7857142857142857,69.42222222222222,0.4963715529753266
43-9022,Word Processors and Typists,0.1377212594750268,0.1463517874691681,442.0,0.81,,Word processors and typists,0.05170942398144645,35010.0,49280.0,101450.0,33400.0,High school diploma or equivalent,0.7027027027027027,0.7432432432432433,0.7837837837837838,0.1891891891891892,0.4864864864864865,0.7837837837837838,61.994736842105254,0.5141121495327102
43-9031,Desktop Publishers,0.121088743534754,0.1286241051044913,194.0,0.16,,Desktop publishers,0.017676208344733803,3350.0,55290.0,20060.0,36610.0,Associate's degree,0.3225806451612903,0.6451612903225806,0.967741935483871,0.032258064516129,0.4838709677419355,0.935483870967742,51.07222222222222,0.5214111730965664
43-9041,Insurance Claims and Policy Processing Clerks,0.1112211362978279,0.1152156830088552,689.0,0.98,,Insurance claims and policy processing clerks,0.005211658480019725,214260.0,49230.0,231570.0,34760.0,High school diploma or equivalent,0.6666666666666666,0.8333333333333333,1.0,0.2619047619047618,0.5119047619047619,0.7619047619047619,62.77142857142857,0.5321811144117382
43-9051,"Mail Clerks and Mail Machine Operators, Except Postal Service",0.1012631622052683,0.1080473777603713,591.0,0.94,,"Mail clerks and mail machine operators, except postal service",0.0040390353220153,55230.0,39280.0,119960.0,26090.0,High school diploma or equivalent,0.1081081081081081,0.2162162162162162,0.3243243243243243,0.054054054054054,0.1216216216216216,0.1891891891891892,11.169230769230769,0.4354722422494593
43-9061,"Office Clerks, General",0.1574638702028395,0.1625251287146459,629.0,0.96,,"Oﬃce clerks, general",0.03707515935369641,2464940.0,45010.0,2789590.0,26610.0,High school diploma or equivalent,0.3636363636363636,0.5757575757575758,0.7878787878787878,0.2121212121212121,0.5,0.7878787878787878,45.405,0.5391367959034382
43-9071,"Office Machine Operators, Except Computer",0.1268871193290436,0.1277004829962915,561.0,0.92,,"Oﬃce machine operators, except computer",0.0427355995361623,25130.0,40960.0,66580.0,27080.0,High school diploma or equivalent,0.2941176470588235,0.3970588235294117,0.5,0.0,0.1764705882352941,0.3529411764705882,15.97777777777778,0.4480618905633008
43-9081,Proofreaders and Copy Markers,0.139454219204352,0.1440804206332219,481.0,0.84,,Proofreaders and copy markers,0.0117262315800445,4580.0,51120.0,12770.0,31360.0,Bachelor's degree,0.95,0.975,1.0,0.2,0.6000000000000001,1.0,68.30909090909091,0.548102913204525
43-9111,Statistical Assistants,0.1611461442349856,0.1695127654836576,366.0,0.66,,Statistical assistants,0.07144315166360478,4710.0,50330.0,15490.0,34530.0,Bachelor's degree,0.8260869565217391,0.8913043478260869,0.9565217391304348,0.3478260869565217,0.6739130434782609,1.0,65.18571428571428,0.592991452991453
45-1011,"First-Line Supervisors of Farming, Fishing, and Forestry Workers",0.1307688435024438,0.1339565715036696,318.0,0.57,,"First-line supervisors of farming, fishing, and forestry workers",0.0022149548540084003,27960.0,59320.0,19540.0,41800.0,High school diploma or equivalent,0.1403508771929824,0.2807017543859649,0.4210526315789473,0.0,0.1578947368421052,0.3157894736842105,30.144444444444442,0.4422430931651471
45-2011,Agricultural Inspectors,0.123786151859045,0.1276426442501466,608.0,0.94,,Agricultural inspectors,0.0069054474860262005,14410.0,49940.0,13560.0,41670.0,Bachelor's degree,0.0833333333333333,0.2916666666666666,0.5,0.125,0.2916666666666666,0.4583333333333333,17.0125,0.4800914319421914
45-2021,Animal Breeders,0.0638253226658199,0.063943451490304,619.0,0.95,,Animal breeders,0.0046904926320178,1330.0,51130.0,1380.0,31340.0,High school diploma or equivalent,0.0909090909090909,0.1666666666666666,0.2424242424242424,0.0303030303030303,0.0757575757575757,0.1212121212121212,15.152380952380952,0.42496000000000006
45-2041,"Graders and Sorters, Agricultural Products",0.0907914229695142,0.1060266283970455,274.0,0.41,,"Graders and sorters, agricultural products",,25180.0,35730.0,38950.0,19180.0,No formal educational credential,0.1,0.1,0.1,0.0,0.05,0.1,0.0,0.4024413145539905
45-2091,Agricultural Equipment Operators,0.1097874190130067,0.1041342425505117,,,,Agricultural Equipment Operators,,28500.0,41730.0,24110.0,24360.0,No formal educational credential,0.0,0.0,0.0,0.0,0.0,0.0,1.8823529411764706,0.38494747445675637
45-2092,"Farmworkers and Laborers, Crop, Nursery, and Greenhouse",0.1051750915697941,0.1046689732779092,,,,"Farmworkers and Laborers, Crop, Nursery, and Greenhouse",0.0393480215241495,265500.0,35660.0,228600.0,18690.0,No formal educational credential,0.0714285714285714,0.1428571428571428,0.2142857142857142,0.0,0.0714285714285714,0.1428571428571428,12.015384615384615,0.37504177528240085
45-2093,"Farmworkers, Farm, Ranch, and Aquacultural Animals",0.0831635623296992,0.0844359665331097,,,,"Farmworkers, Farm, Ranch, and Aquacultural Animals",,32810.0,36670.0,31880.0,21970.0,No formal educational credential,0.0,0.0625,0.125,0.0,0.078125,0.15625,6.647368421052631,0.4180606747944428
45-3031,Fishing and Hunting Workers,0.0901866614633241,0.0882657186296634,,,,Fishing and Hunting Workers,,,,,,No formal educational credential,0.0,0.043859649122807,0.087719298245614,0.0,0.0087719298245614,0.0175438596491228,5.462068965517242,0.3994894285527264
45-4011,Forest and Conservation Workers,0.0957737791582617,0.0932843540180154,502.0,0.87,,Forest and conservation workers,,6050.0,43680.0,7040.0,23900.0,High school diploma or equivalent,0.0434782608695652,0.0434782608695652,0.0434782608695652,0.0,0.0652173913043478,0.1304347826086956,2.4529411764705884,0.42391846625329627
45-4021,Fallers,0.0992689644854993,0.0941946674027391,418.0,0.76,,Fallers,,3130.0,52100.0,6260.0,34470.0,High school diploma or equivalent,0.0,0.03125,0.0625,0.125,0.125,0.125,0.0,0.3703973509933775
45-4022,Logging Equipment Operators,0.0971460708511903,0.0977170801109322,437.0,0.79,,Logging equipment operators,,21060.0,49740.0,22880.0,32390.0,High school diploma or equivalent,0.1875,0.1875,0.1875,0.0,0.0625,0.125,18.977777777777778,0.3924940816042333
45-4023,Log Graders and Scalers,0.1107146642845152,0.1122545722956964,655.0,0.97,,Log graders and scalers,,3070.0,46330.0,2480.0,32430.0,High school diploma or equivalent,0.0,0.2105263157894736,0.4210526315789473,0.0,0.1578947368421052,0.3157894736842105,21.075,0.44942017358325426
47-1011,First-Line Supervisors of Construction Trades and Extraction Workers,0.1486177012307055,0.1609407494118301,199.0,0.17,,First-line supervisors of construction trades and extraction workers,0.0069054474860262005,812210.0,79920.0,474510.0,58680.0,High school diploma or equivalent,0.0666666666666666,0.4,0.7333333333333333,0.0,0.2,0.4,29.726666666666667,0.46567315343991905
47-2011,Boilermakers,0.1059871241576067,0.1051637896259302,377.0,0.68,,Boilermakers,,10190.0,76410.0,19030.0,54640.0,High school diploma or equivalent,0.0,0.0303030303030303,0.0606060606060606,0.0,0.0,0.0,4.088888888888889,0.4099836333878888
47-2021,Brickmasons and Blockmasons,0.0894011715188846,0.0900959504098267,455.0,0.82,,Brickmasons and blockmasons,,52550.0,62120.0,68520.0,46930.0,High school diploma or equivalent,0.0,0.0384615384615384,0.0769230769230769,0.0,0.0,0.0,9.814285714285715,0.39815255043129794
47-2022,Stonemasons,0.0732776972118823,0.0722152899300031,524.0,0.89,,Stonemasons,,7820.0,57390.0,11920.0,37180.0,High school diploma or equivalent,0.0,0.0,0.0,0.0,0.0,0.0,0.0,0.4013487347265807
47-2031,Carpenters,0.1123109724365203,0.1115457555172862,398.0,0.72,,Carpenters,0.0063842816380242,670090.0,60580.0,620410.0,39530.0,High school diploma or equivalent,0.0444444444444444,0.1444444444444444,0.2444444444444444,0.0444444444444444,0.0888888888888888,0.1333333333333333,10.675862068965518,0.4259296082720222
47-2041,Carpet Installers,0.0634362021027715,0.0662877141704103,504.0,0.87,,Carpet Installers,,13780.0,50340.0,25580.0,36090.0,No formal educational credential,0.0,0.0625,0.125,0.0,0.03125,0.0625,11.2,0.4119866182646451
47-2042,"Floor Layers, Except Carpet, Wood, and Hard Tiles",0.0721593571469358,0.0728673613395155,438.0,0.79,,"Floor layers, except carpet, wood, and hard tiles",,23640.0,56460.0,9480.0,36100.0,No formal educational credential,0.0,0.0,0.0,0.0,0.0,0.0,0.0,0.4231979982242313
47-2043,Floor Sanders and Finishers,0.0659322569884391,0.0598153199318223,509.0,0.87,,Floor sanders and finishers,,3720.0,50440.0,5740.0,31340.0,No formal educational credential,0.0,0.0714285714285714,0.1428571428571428,0.0,0.0,0.0,9.914285714285715,0.3846610295208426
47-2044,Tile and Stone Setters,0.06645135238817,0.0657406927018756,410.0,0.75,,Tile and marble setters,0.0056025328660212,35850.0,55690.0,31670.0,38110.0,No formal educational credential,0.025,0.0875,0.15,0.0,0.0375,0.075,6.392,0.424095513748191
47-2051,Cement Masons and Concrete Finishers,0.0642162137619902,0.063181610576099,595.0,0.94,,Cement masons and concrete finishers,0.0280126643301064,206170.0,57020.0,140950.0,35450.0,No formal educational credential,0.0,0.0,0.0,0.0,0.0,0.0,1.873076923076923,0.3867735470941884
47-2053,Terrazzo Workers and Finishers,0.074863934035495,0.0716178733823361,519.0,0.88,,Terrazzo workers and finishers,0.0031269950880118,1180.0,76170.0,3640.0,38720.0,High school diploma or equivalent,0.0,0.0,0.0,0.0,0.0227272727272727,0.0454545454545454,0.0,0.38309797641578114
47-2061,Construction Laborers,0.1131341245001789,0.1098229290516963,512.0,0.88,,Construction labourers,,1096780.0,47120.0,777700.0,29280.0,No formal educational credential,0.0,0.05,0.1,0.0,0.025,0.05,3.5,0.3853731131741195
47-2071,"Paving, Surfacing, and Tamping Equipment Operators",0.104451640277342,0.101374777419674,472.0,0.83,,"Paving, surfacing, and tamping equipment operators",,41820.0,53340.0,51830.0,34150.0,High school diploma or equivalent,0.0,0.0,0.0,0.0,0.0,0.0,0.0,0.3931872770944029
47-2072,Pile Driver Operators,0.1120290538284554,0.1014915581188759,454.0,0.82,,Pile-driver operators,,2310.0,73300.0,4230.0,47860.0,High school diploma or equivalent,0.0,0.0,0.0,0.0,0.0,0.0,0.0,0.38443214460870173
47-2073,Operating Engineers and Other Construction Equipment Operators,0.1096466166104077,0.1076543756965626,617.0,0.95,,Operating engineers and other construction equipment operators,0.0029967036260113,478090.0,59850.0,334730.0,40400.0,High school diploma or equivalent,0.0434782608695652,0.0543478260869565,0.0652173913043478,0.0,0.0869565217391304,0.1739130434782608,4.111538461538462,0.3974886641088245
47-2081,Drywall and Ceiling Tile Installers,0.0746884470503388,0.0700482408788514,433.0,0.79,,Drywall and ceiling tile installers,0.00781748772002965,83080.0,58930.0,82320.0,37320.0,No formal educational credential,0.0,0.0416666666666666,0.0833333333333333,0.0,0.0208333333333333,0.0416666666666666,3.9538461538461545,0.4036441586280814
47-2082,Tapers,0.0471390012058429,0.0413285518519815,344.0,0.62,,Tapers,0.0032572865500123,12840.0,68270.0,17690.0,45490.0,No formal educational credential,0.0,0.0,0.0,0.0,0.0,0.0,4.3375,0.39713191558706107
47-2111,Electricians,0.1215416634969417,0.118946880050207,192.0,0.15,,Electricians,0.0033550051465127,757220.0,63190.0,514760.0,48250.0,High school diploma or equivalent,0.0975609756097561,0.1463414634146341,0.1951219512195122,0.048780487804878,0.1463414634146341,0.2439024390243902,14.476190476190476,0.43666343355965087
47-2121,Glaziers,0.0745777916316202,0.0789285071372075,402.0,0.73,,Glaziers,0.00442990970801675,58480.0,57080.0,40880.0,36640.0,High school diploma or equivalent,0.0,0.0833333333333333,0.1666666666666666,0.0,0.03125,0.0625,6.5777777777777775,0.4028148148148148
47-2131,"Insulation Workers, Floor, Ceiling, and Wall",0.0779877634086141,0.0814567834186503,465.0,0.83,,"Insulation workers, floor, ceiling, and wall",,44440.0,49120.0,23380.0,31830.0,No formal educational credential,0.0,0.05,0.1,0.1,0.1,0.1,6.39,0.39650314283650023
47-2132,"Insulation Workers, Mechanical",0.0807652312020461,0.0871566489890769,356.0,0.64,,"Insulation workers, mechanical",,25660.0,58340.0,28100.0,37650.0,High school diploma or equivalent,0.0,0.0454545454545454,0.0909090909090909,0.0,0.0454545454545454,0.0909090909090909,20.98888888888889,0.41287566514277146
47-2141,"Painters, Construction and Maintenance",0.0818493152399582,0.0792587696050805,411.0,0.75,,"Painters, construction and maintenance",0.0045602011700173,225190.0,49400.0,189840.0,34280.0,No formal educational credential,0.0571428571428571,0.0571428571428571,0.0571428571428571,0.0,0.0285714285714285,0.0571428571428571,10.288235294117648,0.39800443458980045
47-2142,Paperhangers,0.0703459947235575,0.0726574975951489,505.0,0.87,,Paperhangers,,1570.0,52140.0,4040.0,37600.0,No formal educational credential,0.0,0.027027027027027,0.054054054054054,0.0,0.0,0.0,0.0,0.39977956227365774
47-2151,Pipelayers,0.1002607209293259,0.0953956441056254,345.0,0.62,,Pipelayers,,33050.0,49000.0,45320.0,34800.0,No formal educational credential,0.0,0.0357142857142857,0.0714285714285714,0.0,0.0,0.0,2.0785714285714287,0.40458188416754876
47-2152,"Plumbers, Pipefitters, and Steamfitters",0.113473147838563,0.1045294446921526,249.0,0.35,0.0,"Plumbers, pipefitters, and steamfitters",0.0153092467850581,465840.0,63800.0,358790.0,46660.0,High school diploma or equivalent,0.037037037037037,0.1018518518518518,0.1666666666666666,0.0,0.0555555555555555,0.1111111111111111,12.360000000000001,0.42173942747830834
47-2161,Plasterers and Stucco Masons,0.0819189629582917,0.0760350303044394,475.0,0.84,,Plasterers and stucco masons,,19310.0,57660.0,26430.0,37210.0,No formal educational credential,0.0769230769230769,0.0769230769230769,0.0769230769230769,0.0,0.0384615384615384,0.0769230769230769,3.7066666666666666,0.39096728307254625
47-2171,Reinforcing Iron and Rebar Workers,0.0763564466754112,0.0841666134920987,534.0,0.9,,Reinforcing iron and rebar workers,,13800.0,58970.0,19590.0,38430.0,High school diploma or equivalent,0.0,0.0714285714285714,0.1428571428571428,0.0,0.0,0.0,7.942857142857143,0.37952357529337366
47-2181,Roofers,0.0575587378113985,0.0484635898579504,535.0,0.9,,Roofers,,135490.0,55440.0,99280.0,34220.0,No formal educational credential,0.0,0.04,0.08,0.0,0.0,0.0,1.9555555555555555,0.38507772020725395
47-2211,Sheet Metal Workers,0.1168464216046686,0.1143927197050345,453.0,0.82,1.0,Sheet metal workers,0.0273612070201039,119770.0,61800.0,131600.0,41710.0,High school diploma or equivalent,0.0,0.0657894736842105,0.131578947368421,0.0,0.0394736842105263,0.0789473684210526,11.405263157894737,0.4210854215699848
47-2221,Structural Iron and Steel Workers,0.0911433796589774,0.090548422331172,457.0,0.83,,Structural iron and steel workers,,68380.0,62780.0,58460.0,44540.0,High school diploma or equivalent,0.0,0.0285714285714285,0.0571428571428571,0.0,0.0,0.0,3.6526315789473687,0.3793549181336944
47-2231,Solar Photovoltaic Installers,0.096961571078762,0.0890325069557171,,,,Solar Photovoltaic Installers,0.008816388928700122,31350.0,53140.0,,,High school diploma or equivalent,0.0,0.11,0.22,0.0,0.11,0.22,26.549999999999997,0.42862287525208864
47-3011,"Helpers--Brickmasons, Blockmasons, Stonemasons, and Tile and Marble Setters",0.1005050415386714,0.0971349382600026,463.0,0.83,,"Helpers–brickmasons, blockmasons, stonemasons, and tile and marble setters",0.0046904926320178,14170.0,47550.0,31160.0,27780.0,No formal educational credential,0.0,0.0,0.0,0.0,0.0,0.0,2.8733333333333335,0.38269763477519714
47-3012,Helpers--Carpenters,0.0950473549735311,0.0958008813988434,573.0,0.92,,Helpers–carpenters,,21680.0,43780.0,46910.0,25760.0,No formal educational credential,0.0,0.0,0.0,0.0,0.0,0.0,0.0,0.39598540145985406
47-3013,Helpers--Electricians,0.0965097762857583,0.0922662094756439,408.0,0.74,,Helpers–electricians,,63630.0,42670.0,72390.0,27220.0,High school diploma or equivalent,0.024390243902439,0.024390243902439,0.024390243902439,0.0,0.0,0.0,2.496,0.3989674980004363
47-3014,"Helpers--Painters, Paperhangers, Plasterers, and Stucco Masons",0.0951599439549946,0.0991249998113773,603.0,0.94,,"Helpers–painters, paperhangers, plasterers, and stucco masons",,7490.0,40470.0,12320.0,23290.0,No formal educational credential,0.0,0.0,0.0,0.0,0.0,0.0,0.0,0.37351703023344823
47-3015,"Helpers--Pipelayers, Plumbers, Pipefitters, and Steamfitters",0.0857191854986905,0.0784214417026318,320.0,0.57,,"Helpers–pipelayers, plumbers, pipefitters, and steamfitters",,44330.0,42360.0,57660.0,26740.0,High school diploma or equivalent,0.0,0.0,0.0,0.0,0.0,0.0,0.0,0.3989689135118497
47-3016,Helpers--Roofers,0.0763780931717354,0.0682382957321249,395.0,0.72,,Helpers–roofers,,6030.0,44160.0,12310.0,23320.0,No formal educational credential,0.0,0.0,0.0,0.0,0.0,0.0,0.0,0.3882022471910112
47-4011,Construction and Building Inspectors,0.1466429939482271,0.1386188890294244,350.0,0.63,,Construction and building inspectors,0.018240804680069268,146720.0,74690.0,89270.0,52360.0,High school diploma or equivalent,0.0,0.2413793103448275,0.4827586206896551,0.0,0.1379310344827586,0.2758620689655172,21.342105263157894,0.5083798882681563
47-4021,Elevator and Escalator Installers and Repairers,0.1136646809170053,0.1065843075779531,268.0,0.39,,Elevator installers and repairers,,23790.0,109910.0,20430.0,70910.0,High school diploma or equivalent,0.1578947368421052,0.1842105263157894,0.2105263157894736,0.0,0.0789473684210526,0.1578947368421052,12.78,0.4320354718026881
47-4031,Fence Erectors,0.083161483472069,0.0822418496335623,568.0,0.92,,Fence erectors,,24480.0,47980.0,20810.0,28970.0,No formal educational credential,0.0512820512820512,0.0512820512820512,0.0512820512820512,0.0,0.0256410256410256,0.0512820512820512,2.3600000000000003,0.37982675084422257
47-4041,Hazardous Materials Removal Workers,0.090393050012682,0.0873615417805239,307.0,0.53,,Hazardous materials removal workers,0.0045602011700173,51710.0,49450.0,36910.0,37600.0,High school diploma or equivalent,0.032258064516129,0.0806451612903225,0.1290322580645161,0.0,0.032258064516129,0.064516129032258,6.542857142857143,0.4393429379291773
47-4051,Highway Maintenance Workers,0.1000976738498957,0.0916097853033345,511.0,0.87,,Highway maintenance workers,,154960.0,50260.0,142530.0,34780.0,High school diploma or equivalent,0.0,0.0161290322580645,0.032258064516129,0.0,0.0,0.0,0.0,0.399558803253826
47-4061,Rail-Track Laying and Maintenance Equipment Operators,0.0826000489937091,0.0834478558915307,528.0,0.89,,Rail-track laying and maintenance equipment operators,,19580.0,70070.0,15520.0,45970.0,High school diploma or equivalent,0.0,0.0,0.0,0.0,0.0,0.0,0.0,0.39466208627865496
47-4071,Septic Tank Servicers and Sewer Pipe Cleaners,0.1086353519348484,0.0971400280504986,468.0,0.83,,Septic tank servicers and sewer pipe cleaners,0.0026058292400099,30650.0,49880.0,24350.0,33570.0,High school diploma or equivalent,0.0625,0.078125,0.09375,0.03125,0.09375,0.15625,10.613636363636363,0.40275983957582756
47-4091,Segmental Pavers,0.0724765015891139,0.0694195341403298,464.0,0.83,,Segmental pavers,,,,1280.0,30430.0,,0.0,0.0416666666666666,0.0833333333333333,0.0,0.0833333333333333,0.1666666666666666,3.1333333333333333,0.41806990236309616
47-5011,"Derrick Operators, Oil and Gas",0.0878802742703158,0.0831245041616491,440.0,0.8,,"Derrick operators, oil and gas",,10590.0,58620.0,16930.0,43470.0,No formal educational credential,0.0,0.0,0.0,0.0,0.0,0.0,16.946666666666665,0.39036461596291205
47-5012,"Rotary Drill Operators, Oil and Gas",0.1157185511560609,0.1075899942560656,306.0,0.53,,"Rotary drill operators, oil and gas",,12600.0,67890.0,20230.0,51980.0,No formal educational credential,0.0526315789473684,0.0526315789473684,0.0526315789473684,0.0,0.0263157894736842,0.0526315789473684,9.364999999999998,0.42876380285483445
47-5013,"Service Unit Operators, Oil and Gas",0.1142044372683256,0.10833176780471,576.0,0.93,,"Service unit operators, oil, gas, and mining",0.0216283826920821,43140.0,58160.0,36620.0,38920.0,No formal educational credential,0.064516129032258,0.064516129032258,0.064516129032258,0.064516129032258,0.1451612903225806,0.2258064516129032,20.68421052631579,0.41080385852090034
47-5022,"Excavating and Loading Machine and Dragline Operators, Surface Mining",0.1173918851935238,0.1148292424055599,,,,"Excavating and Loading Machine and Dragline Operators, Surface Mining",,34480.0,57430.0,,,High school diploma or equivalent,0.0,0.0,0.0,0.0,0.0,0.0,11.80625,0.379629031215666
47-5023,"Earth Drillers, Except Oil and Gas",0.1046884172170818,0.1008570542649757,,,,"Earth Drillers, Except Oil and Gas",,19450.0,60190.0,,,High school diploma or equivalent,0.0909090909090909,0.1363636363636363,0.1818181818181818,0.0,0.1136363636363636,0.2272727272727273,10.410714285714286,0.41418575936342444
47-5032,"Explosives Workers, Ordnance Handling Experts, and Blasters",0.1067948080041979,0.1019104633109859,,,,"Explosives Workers, Ordnance Handling Experts, and Blasters",,5100.0,61390.0,,,High school diploma or equivalent,0.125,0.1354166666666666,0.1458333333333333,0.0208333333333333,0.1145833333333333,0.2083333333333333,7.895454545454545,0.4273193533727197
47-5041,Continuous Mining Machine Operators,0.0827800262622557,0.0815227706862516,309.0,0.54,,Continuous mining machine operators,,14000.0,61810.0,13060.0,48750.0,No formal educational credential,0.0,0.0,0.0,0.0,0.06,0.12,0.0,0.38812449906492114
47-5043,"Roof Bolters, Mining",0.0699980747019703,0.0628855729590382,,,,"Roof Bolters, Mining",,2160.0,78540.0,,,High school diploma or equivalent,0.0,0.0,0.0,0.0,0.0,0.0,0.0,0.37135089649815517
47-5044,"Loading and Moving Machine Operators, Underground Mining",0.0895376491216574,0.0896502671011811,,,,"Loading and Moving Machine Operators, Underground Mining",,5930.0,74500.0,,,No formal educational credential,0.0232558139534883,0.0232558139534883,0.0232558139534883,0.0232558139534883,0.0813953488372093,0.1395348837209302,14.832,0.3988031630690318
47-5051,"Rock Splitters, Quarry",0.0724223902540709,0.0728276609042302,633.0,0.96,,"Rock splitters, quarry",,3320.0,48740.0,3390.0,30120.0,No formal educational credential,0.0,0.0769230769230769,0.1538461538461538,0.0,0.0769230769230769,0.1538461538461538,0.0,0.3866656876422645
47-5071,"Roustabouts, Oil and Gas",0.0934085454417212,0.085255889613624,376.0,0.68,,"Roustabouts, oil and gas",,44970.0,46960.0,48880.0,31770.0,No formal educational credential,0.0,0.0,0.0,0.0,0.0,0.0,0.0,0.38477250316946043
47-5081,Helpers--Extraction Workers,0.1211041359960247,0.11844323239108,258.0,0.37,,Helpers–extraction workers,,6700.0,47730.0,23400.0,34170.0,High school diploma or equivalent,0.0,0.0,0.0,0.0,0.0652173913043478,0.1304347826086956,7.728571428571428,0.3868016351956394
49-1011,"First-Line Supervisors of Mechanics, Installers, and Repairers",0.1526132394125746,0.1581364463385365,2.0,0.003,,"First-line supervisors of mechanics, installers, and repairers",0.00583705749762214,617500.0,79860.0,415900.0,59150.0,High school diploma or equivalent,0.0256410256410256,0.4102564102564102,0.7948717948717948,0.0769230769230769,0.2692307692307692,0.4615384615384615,35.66818181818182,0.46587496587496585
49-2011,"Computer, Automated Teller, and Office Machine Repairers",0.1220259811308521,0.1179066225309251,405.0,0.74,,"Computer, automated teller, and oﬃce machine repairers",0.02881302616810944,65600.0,47810.0,110320.0,37280.0,"Some college, no degree",0.2857142857142857,0.3673469387755101,0.4489795918367346,0.0816326530612244,0.2040816326530612,0.3265306122448979,23.944000000000003,0.45558441558441565
49-2021,"Radio, Cellular, and Tower Equipment Installers and Repairers",0.0941250087981736,0.0909076559708295,582.0,0.93,,"Radio, cellular, and tower equipment installers and repairs",0.0028664121640108,11140.0,63520.0,9590.0,39740.0,Associate's degree,0.0476190476190476,0.1071428571428571,0.1666666666666666,0.0476190476190476,0.0833333333333333,0.119047619047619,10.494444444444445,0.43213684800897356
49-2022,"Telecommunications Equipment Installers and Repairers, Except Line Installers",0.1234143279645054,0.1163558429959666,254.0,0.36,,"Telecommunications equipment installers and repairers, except line installers",0.00753084650362858,140920.0,63890.0,190100.0,54710.0,Postsecondary nondegree award,0.234375,0.28125,0.328125,0.109375,0.203125,0.296875,24.894871794871797,0.4308323563892146
49-2091,Avionics Technicians,0.1341309684175299,0.1252863741469109,386.0,0.7,,Avionics technicians,0.002432107290675867,18830.0,82280.0,18320.0,52320.0,Postsecondary nondegree award,0.12,0.24,0.36,0.08,0.14,0.2,14.515384615384615,0.47058823529411764
49-2092,"Electric Motor, Power Tool, and Related Repairers",0.0930764051756168,0.0889406356312033,417.0,0.76,,"Electric motor, power tool, and related repairers",0.0110096285390418,14450.0,56210.0,18740.0,36170.0,High school diploma or equivalent,0.0961538461538461,0.1057692307692307,0.1153846153846153,0.0,0.0192307692307692,0.0384615384615384,6.6806451612903235,0.4252345912374266
49-2093,"Electrical and Electronics Installers and Repairers, Transportation Equipment",0.1090707435871669,0.0978228499827928,554.0,0.91,,"Electrical and electronics installers and repairers, transportation equipment",0.012638271814048,6940.0,84890.0,12830.0,48410.0,Postsecondary nondegree award,0.16,0.24,0.32,0.08,0.16,0.24,11.846666666666666,0.42723880597014924
49-2094,"Electrical and Electronics Repairers, Commercial and Industrial Equipment",0.1473852032889669,0.1422340107098311,277.0,0.41,,"Electrical and electronics repairers, commercial and industrial equipment",0.011335357194043065,65010.0,74090.0,67550.0,51820.0,Postsecondary nondegree award,0.1794871794871795,0.3076923076923077,0.4358974358974359,0.1794871794871795,0.282051282051282,0.3846153846153846,24.93,0.4541534110993284
49-2095,"Electrical and Electronics Repairers, Powerhouse, Substation, and Relay",0.118890104467478,0.1028251654226489,261.0,0.38,,"Electrical and electronics repairers, powerhouse, substation, and relay",0.00579797005902195,20720.0,103020.0,23220.0,65230.0,Postsecondary nondegree award,0.24,0.34,0.44,0.0,0.16,0.32,23.613333333333333,0.4519223935754388
49-2096,"Electronic Equipment Installers and Repairers, Motor Vehicles",0.0876016579653641,0.0836567224910603,334.0,0.61,,"Electronic equipment installers and repairers, motor vehicles",0.0024755377780094,8550.0,48420.0,15630.0,28450.0,High school diploma or equivalent,0.1666666666666666,0.1666666666666666,0.1666666666666666,0.0,0.125,0.25,15.741666666666667,0.4348336324727322
49-2097,Audiovisual Equipment Installers and Repairers,0.1188772353369345,0.1214000687879675,361.0,0.65,,Electronic home entertainment equipment installers and repairers,0.0091985772172349,19780.0,52600.0,30840.0,32940.0,Postsecondary nondegree award,0.1904761904761904,0.238095238095238,0.2857142857142857,0.0,0.0952380952380952,0.1904761904761904,25.636363636363637,0.4415291808997747
49-2098,Security and Fire Alarm Systems Installers,0.1204959888031347,0.115677777728101,450.0,0.82,,Security and fire alarm systems installers,0.008501517895532275,86340.0,60070.0,57390.0,38500.0,High school diploma or equivalent,0.0666666666666666,0.1666666666666666,0.2666666666666666,0.1,0.1833333333333333,0.2666666666666666,26.3125,0.44074344023323603
49-3011,Aircraft Mechanics and Service Technicians,0.1213026309701648,0.1159757353190842,387.0,0.71,,Aircraft mechanics and service technicians,0.00599340725202275,138090.0,79870.0,117510.0,53420.0,Postsecondary nondegree award,0.0895522388059701,0.1343283582089552,0.1791044776119403,0.0149253731343283,0.0597014925373134,0.1044776119402985,10.08421052631579,0.43658810325477
49-3021,Automotive Body and Related Repairers,0.0826601009897753,0.0788351912034928,558.0,0.91,,Automotive body and related repairers,,149310.0,54890.0,129730.0,38130.0,High school diploma or equivalent,0.0,0.0425531914893617,0.0851063829787234,0.0212765957446808,0.0425531914893617,0.0638297872340425,5.664,0.4081560534313379
49-3022,Automotive Glass Installers and Repairers,0.0481636212611821,0.0467248754969296,313.0,0.55,,Automotive glass installers and repairers,,20310.0,47630.0,14020.0,33160.0,High school diploma or equivalent,0.0,0.0,0.0,0.0,0.0,0.0,3.938888888888889,0.408171236622139
49-3023,Automotive Service Technicians and Mechanics,0.1045560167447857,0.1003575461862585,330.0,0.59,,Automotive service technicians and mechanics,0.0037784523980143,704640.0,50620.0,587510.0,35790.0,Postsecondary nondegree award,0.0363636363636363,0.0818181818181818,0.1272727272727272,0.0363636363636363,0.0727272727272727,0.109090909090909,8.47857142857143,0.4280965361345656
49-3031,Bus and Truck Mechanics and Diesel Engine Specialists,0.1032017736159171,0.0966888549888109,404.0,0.73,,Bus and truck mechanics and diesel engine specialists,0.02013003087907645,289960.0,61770.0,222770.0,40850.0,High school diploma or equivalent,0.0,0.0,0.0,0.0,0.0,0.0,0.0,0.3985195154777927
49-3041,Farm Equipment Mechanics and Service Technicians,0.1115124295449624,0.1047392213090239,414.0,0.75,,Farm equipment mechanics and service technicians,,37870.0,56550.0,30300.0,33640.0,High school diploma or equivalent,0.1153846153846153,0.1153846153846153,0.1153846153846153,0.1538461538461538,0.173076923076923,0.1923076923076923,10.414285714285715,0.4138500635324015
49-3042,"Mobile Heavy Equipment Mechanics, Except Engines",0.1198546270223422,0.1150295573604016,272.0,0.4,,"Mobile heavy equipment mechanics, except engines",0.0067751560240257,176600.0,65510.0,108540.0,44830.0,High school diploma or equivalent,0.05,0.1,0.15,0.05,0.125,0.2,10.62,0.4080746135173119
49-3043,Rail Car Repairers,0.099856597868139,0.0933153980421349,521.0,0.88,,Rail car repairers,,21350.0,67530.0,19280.0,47410.0,High school diploma or equivalent,0.064516129032258,0.0967741935483871,0.1290322580645161,0.064516129032258,0.064516129032258,0.064516129032258,3.2649999999999997,0.39413333333333334
49-3051,Motorboat Mechanics and Service Technicians,0.1009720049301007,0.092987286956084,368.0,0.66,,Motorboat mechanics and service technicians,,23220.0,57550.0,16850.0,35600.0,High school diploma or equivalent,0.0769230769230769,0.0769230769230769,0.0769230769230769,0.0,0.0384615384615384,0.0769230769230769,4.484615384615385,0.41781593019983115
49-3052,Motorcycle Mechanics,0.0993990068591056,0.0879329433531844,435.0,0.79,,Motorcycle mechanics,0.0019543719300074,13510.0,48580.0,14750.0,31980.0,Postsecondary nondegree award,0.0,0.0,0.0,0.0,0.0,0.0,0.0,0.43105494658940163
49-3053,Outdoor Power Equipment and Other Small Engine Mechanics,0.1133717656464839,0.1092728083869712,578.0,0.93,,Outdoor power equipment and other small engine mechanics,,36060.0,47880.0,25010.0,29580.0,High school diploma or equivalent,0.1428571428571428,0.1785714285714285,0.2142857142857142,0.0714285714285714,0.1071428571428571,0.1428571428571428,14.985714285714286,0.417882420915788
49-3091,Bicycle Repairers,0.0646356776446388,0.0637598080771401,596.0,0.94,,Bicycle repairers,,12170.0,42780.0,9530.0,23660.0,High school diploma or equivalent,0.0,0.1034482758620689,0.2068965517241379,0.0689655172413793,0.0689655172413793,0.0689655172413793,10.414285714285715,0.44000872600349045
49-3092,Recreational Vehicle Service Technicians,0.1052907718464919,0.0984933439444364,329.0,0.59,,Recreational vehicle service technicians,0.0024755377780094,17430.0,52000.0,9540.0,32570.0,High school diploma or equivalent,0.0606060606060606,0.0606060606060606,0.0606060606060606,0.0606060606060606,0.0909090909090909,0.1212121212121212,6.035294117647059,0.4235634260932417
49-3093,Tire Repairers and Changers,0.0668435804119717,0.0613571946015187,384.0,0.7,,Tire repairers and changers,,108410.0,37710.0,94120.0,23170.0,High school diploma or equivalent,0.0,0.0,0.0,0.0,0.0,0.0,2.6625,0.39027614571092833
49-9011,Mechanical Door Repairers,0.0800978090276088,0.0771563322504438,547.0,0.91,,Mechanical door repairers,,27120.0,55720.0,13240.0,35780.0,High school diploma or equivalent,0.0909090909090909,0.1363636363636363,0.1818181818181818,0.0454545454545454,0.0681818181818181,0.0909090909090909,10.668000000000001,0.4080900117346587
49-9012,"Control and Valve Installers and Repairers, Except Mechanical Door",0.1046118853555575,0.0977399325725092,347.0,0.63,,"Control and valve installers and repairers, except mechanical door",0.0023452463160088498,48240.0,74340.0,43430.0,48430.0,High school diploma or equivalent,0.0952380952380952,0.1309523809523809,0.1666666666666666,0.0476190476190476,0.0714285714285714,0.0952380952380952,12.2,0.43621606091078874
49-9021,"Heating, Air Conditioning, and Refrigeration Mechanics and Installers",0.110234910118043,0.1030355568207447,362.0,0.65,,"Heating, air conditioning, and refrigeration mechanics and installers",0.00631913590702395,409670.0,61010.0,224320.0,42530.0,Postsecondary nondegree award,0.0701754385964912,0.1052631578947368,0.1403508771929824,0.0701754385964912,0.1403508771929824,0.2105263157894736,10.714285714285714,0.42675932798056815
49-9031,Home Appliance Repairers,0.0959165717889677,0.090888901409805,397.0,0.72,,Home appliance repairers,0.0033224322810125996,32150.0,50990.0,33180.0,34730.0,High school diploma or equivalent,0.0727272727272727,0.1454545454545454,0.2181818181818181,0.0727272727272727,0.109090909090909,0.1454545454545454,13.83448275862069,0.43594822098040603
49-9041,Industrial Machinery Mechanics,0.135314524250742,0.1311661230018434,374.0,0.67,,Industrial machinery mechanics,0.01452749801305515,439640.0,64520.0,275370.0,45420.0,High school diploma or equivalent,0.1935483870967742,0.2741935483870967,0.3548387096774194,0.064516129032258,0.1451612903225806,0.2258064516129032,23.78125,0.40277869665894817
49-9043,"Maintenance Workers, Machinery",0.1164533535270315,0.1128903126945566,499.0,0.86,,"Maintenance workers, machinery",,60020.0,60850.0,69480.0,38460.0,High school diploma or equivalent,0.1142857142857142,0.1428571428571428,0.1714285714285714,0.1142857142857142,0.1142857142857142,0.1142857142857142,11.18888888888889,0.4151824817518248
49-9044,Millwrights,0.1051912243553512,0.1038099166013594,325.0,0.59,,Millwrights,0.0029967036260113,40330.0,65700.0,36670.0,48360.0,High school diploma or equivalent,0.0,0.0217391304347826,0.0434782608695652,0.0,0.0434782608695652,0.0869565217391304,0.0,0.4035817077070674
49-9045,"Refractory Materials Repairers, Except Brickmasons",0.0743770894743163,0.0746896298760344,451.0,0.82,,"Refractory materials repairers, except brickmasons",,1080.0,61290.0,2060.0,42350.0,High school diploma or equivalent,0.0,0.0,0.0,0.0,0.0,0.0,0.0,0.4041657594890777
49-9051,Electrical Power-Line Installers and Repairers,0.0880966815122721,0.0849890574189871,166.0,0.097,,Electrical power-line installers and repairers,0.0023452463160089,131070.0,95320.0,105540.0,58030.0,High school diploma or equivalent,0.0,0.0,0.0,0.0,0.0,0.0,1.3304347826086957,0.40762017960908614
49-9052,Telecommunications Line Installers and Repairers,0.0880196704028528,0.0813086641470808,297.0,0.49,,Telecommunications line installers and repairers,0.0022149548540084,97720.0,74330.0,156350.0,50850.0,High school diploma or equivalent,0.03125,0.03125,0.03125,0.0,0.03125,0.0625,6.652631578947369,0.42203860673837174
49-9061,Camera and Photographic Equipment Repairers,0.1231409090895506,0.1286018131431598,658.0,0.97,,Camera and photographic equipment repairers,0.009283266667535225,1650.0,52720.0,2810.0,37180.0,High school diploma or equivalent,0.04,0.24,0.44,0.0,0.04,0.08,12.32,0.4858643982987241
49-9062,Medical Equipment Repairers,0.1347929093977608,0.1376941566184074,232.0,0.27,,Medical equipment repairers,0.0124428346210472,65990.0,61660.0,32980.0,44490.0,Associate's degree,0.1515151515151515,0.303030303030303,0.4545454545454546,0.2121212121212121,0.2727272727272727,0.3333333333333333,20.35,0.44737221022318224
49-9063,Musical Instrument Repairers and Tuners,0.0853419438451999,0.0858749051993463,545.0,0.91,,Musical instrument repairers and tuners,0.0032572865500123,5380.0,46420.0,5650.0,31760.0,High school diploma or equivalent,0.0,0.0196078431372549,0.0392156862745098,0.0,0.0,0.0,0.0,0.4313474268631219
49-9064,Watch and Clock Repairers,0.0890834479012882,0.0921869635508701,697.0,0.99,,Watch repairers,0.0023452463160089,1310.0,67230.0,2240.0,37180.0,High school diploma or equivalent,0.1333333333333333,0.1999999999999999,0.2666666666666666,0.0666666666666666,0.1666666666666666,0.2666666666666666,15.740000000000002,0.4634268537074149
49-9071,"Maintenance and Repair Workers, General",0.1253808735883289,0.1218700933252519,352.0,0.64,,"Maintenance and repair workers, general",0.008436372164532024,1529700.0,49590.0,1217820.0,34730.0,High school diploma or equivalent,0.0392156862745098,0.1372549019607843,0.2352941176470588,0.0,0.0784313725490196,0.1568627450980392,11.41851851851852,0.41909109491040397
49-9081,Wind Turbine Service Technicians,0.1011548401956123,0.093023347921465,,,,Wind Turbine Service Technicians,,9980.0,64120.0,,,Postsecondary nondegree award,0.0,0.0434782608695652,0.0869565217391304,0.0,0.0434782608695652,0.0869565217391304,13.191666666666668,0.4216072024008003
49-9091,"Coin, Vending, and Amusement Machine Servicers and Repairers",0.1079669799417579,0.1063726987542689,597.0,0.94,,"Coin, vending, and amusement machine servicers and repairers",,26410.0,47450.0,36240.0,30490.0,High school diploma or equivalent,0.3214285714285714,0.3214285714285714,0.3214285714285714,0.1785714285714285,0.1964285714285714,0.2142857142857142,23.605555555555554,0.42947738386308065
49-9092,Commercial Divers,0.0971406442724188,0.0944529745491946,202.0,0.18,,Commercial divers,0.0059934072520227,3450.0,72990.0,3720.0,51360.0,Postsecondary nondegree award,0.0,0.0666666666666666,0.1333333333333333,0.0,0.0888888888888888,0.1777777777777777,0.0,0.4164943285078648
49-9094,Locksmiths and Safe Repairers,0.0936562914784954,0.0841653498836532,420.0,0.77,,Locksmiths and safe repairers,,15040.0,51320.0,15850.0,35550.0,High school diploma or equivalent,0.08,0.08,0.08,0.08,0.08,0.08,5.557142857142857,0.42869366799771813
49-9095,Manufactured Building and Mobile Home Installers,0.1072865440613224,0.0979665957094027,203.0,0.18,,Manufactured building and mobile home installers,,3020.0,45990.0,5760.0,28760.0,High school diploma or equivalent,0.0769230769230769,0.0769230769230769,0.0769230769230769,0.0769230769230769,0.1153846153846153,0.1538461538461538,4.957142857142857,0.3954628699710522
49-9096,Riggers,0.1061071484326248,0.1050934458123869,527.0,0.89,,Riggers,,22530.0,62640.0,13660.0,42780.0,High school diploma or equivalent,0.0,0.0,0.0,0.0,0.037037037037037,0.074074074074074,4.457142857142857,0.3991221860399264
49-9097,Signal and Track Switch Repairers,0.1035685835509839,0.0942443217234104,543.0,0.9,,Signal and track switch repairers,,8720.0,92460.0,7400.0,53230.0,High school diploma or equivalent,0.0769230769230769,0.0769230769230769,0.0769230769230769,0.0,0.0384615384615384,0.0769230769230769,5.2,0.4133494982151275
49-9098,"Helpers--Installation, Maintenance, and Repair Workers",0.1256127374774658,0.1231913252112088,434.0,0.79,,"Helpers–installation, maintenance, and repair workers",0.00214980912300815,95580.0,39630.0,123220.0,24260.0,High school diploma or equivalent,0.0,0.0333333333333333,0.0666666666666666,0.0,0.0,0.0,3.7375,0.3937269639372696
51-1011,First-Line Supervisors of Production and Operating Workers,0.1490811786810984,0.1582621153627726,73.0,0.016,,First-line supervisors of production and operating workers,0.0027361207020103,673430.0,74450.0,555260.0,53090.0,High school diploma or equivalent,0.15,0.4,0.65,0.0,0.225,0.45,46.675,0.48335007894359117
51-2011,"Aircraft Structure, Surfaces, Rigging, and Systems Assemblers",0.1253325500297298,0.1213502476708966,436.0,0.79,,"Aircraft structure, surfaces, rigging, and systems assemblers",0.006123698714023233,34020.0,65380.0,36320.0,44820.0,High school diploma or equivalent,0.0,0.025,0.05,0.0,0.025,0.05,2.82962962962963,0.42213990596951134
51-2021,"Coil Winders, Tapers, and Finishers",0.0970973124413732,0.0973592678343905,403.0,0.73,,"Coil winders, tapers, and finishers",,12840.0,48220.0,14930.0,28650.0,High school diploma or equivalent,0.2222222222222222,0.2222222222222222,0.2222222222222222,0.0,0.1388888888888889,0.2777777777777778,13.636363636363637,0.42106979778212655
51-2022,Electrical and Electronic Equipment Assemblers,0.1530811267896011,0.1484442860173722,621.0,0.95,1.0,Electrical and electronic equipment assemblers,0.00456020117001725,,,180440.0,29100.0,,0.0384615384615384,0.0961538461538461,0.1538461538461538,0.0,0.0576923076923076,0.1153846153846153,17.875,0.43962995176721753
51-2023,Electromechanical Equipment Assemblers,0.107984852474726,0.106324252741357,648.0,0.97,,Electromechanical equipment assemblers,0.0054722414040207,,,48980.0,31640.0,,0.0,0.0454545454545454,0.0909090909090909,0.0,0.0,0.0,9.328571428571427,0.43848229877758377
51-2031,Engine and Other Machine Assemblers,0.1292037731203539,0.1227452831550184,449.0,0.82,,Engine and other machine assemblers,0.02052090526507795,34000.0,53710.0,33310.0,36310.0,High school diploma or equivalent,0.0,0.0952380952380952,0.1904761904761904,0.0,0.0,0.0,5.2,0.41198061958596394
51-2041,Structural Metal Fabricators and Fitters,0.1049227214690079,0.1047681142688936,275.0,0.41,,Structural metal fabricators and fitters,,52360.0,51330.0,79540.0,34530.0,High school diploma or equivalent,0.0,0.0227272727272727,0.0454545454545454,0.0,0.0227272727272727,0.0454545454545454,4.591304347826087,0.41693105316103063
51-2051,Fiberglass Laminators and Fabricators,0.0716702662101399,0.0691346129228113,,,,Fiberglass Laminators and Fabricators,,16170.0,46880.0,,,High school diploma or equivalent,0.0,0.0208333333333333,0.0416666666666666,0.0833333333333333,0.0833333333333333,0.0833333333333333,0.0,0.40652038485498715
51-2061,Timing Device Assemblers and Adjusters,0.0799538656700334,0.0820279785538316,,,,Timing Device Assemblers and Adjusters,,250.0,62620.0,,,High school diploma or equivalent,0.0,0.06,0.12,0.0,0.0,0.0,4.411764705882353,0.44878926701570676
51-2092,Team Assemblers,0.1514958761569047,0.1499071544027093,646.0,0.97,,Team assemblers,,,,928170.0,27180.0,,0.1764705882352941,0.2352941176470588,0.2941176470588235,0.0,0.088235294117647,0.1764705882352941,19.83636363636364,0.43053317990026857
51-3011,Bakers,0.0916901004719193,0.0968337436037864,522.0,0.89,,Bakers,0.008577521248365867,236200.0,37160.0,140790.0,23450.0,No formal educational credential,0.1470588235294117,0.2647058823529412,0.3823529411764705,0.088235294117647,0.1176470588235294,0.1470588235294117,19.905555555555555,0.44964028776978426
51-3021,Butchers and Meat Cutters,0.0829086014002038,0.0937307869023693,583.0,0.93,,Butchers and meat cutters,,136430.0,40140.0,125910.0,28600.0,No formal educational credential,0.0526315789473684,0.131578947368421,0.2105263157894736,0.0,0.0263157894736842,0.0526315789473684,18.57272727272727,0.4137828384311975
51-3022,"Meat, Poultry, and Fish Cutters and Trimmers",0.0666559115723744,0.0705844647683338,593.0,0.94,,"Meat, poultry, and fish cutters and trimmers",,145700.0,38300.0,163080.0,22330.0,No formal educational credential,0.0,0.0,0.0,0.0,0.0,0.0,0.0,0.40766063242949263
51-3023,Slaughterers and Meat Packers,0.0634200860169903,0.0618206303051184,333.0,0.6,,Slaughterers and meat packers,,69950.0,40130.0,88500.0,23380.0,No formal educational credential,0.0,0.0,0.0,0.0,0.0,0.0,0.0,0.38794178794178785
51-3091,"Food and Tobacco Roasting, Baking, and Drying Machine Operators and Tenders",0.1120756339334003,0.1113911534214879,548.0,0.91,,"Food and tobacco roasting, baking, and drying machine operators and tenders",,20370.0,44810.0,18710.0,27140.0,No formal educational credential,0.0666666666666666,0.0666666666666666,0.0666666666666666,0.0,0.0666666666666666,0.1333333333333333,21.931578947368422,0.4153928462243962
51-3092,Food Batchmakers,0.1015040355728123,0.1048508555625781,385.0,0.7,,Food batchmakers,0.026240700446899655,174520.0,42290.0,97220.0,24640.0,High school diploma or equivalent,0.1025641025641025,0.1153846153846153,0.1282051282051282,0.1282051282051282,0.1538461538461538,0.1794871794871795,21.448,0.4386555938577249
51-3093,Food Cooking Machine Operators and Tenders,0.1153926235358903,0.11745976129912,341.0,0.61,,Food cooking machine operators and tenders,0.0022149548540084,31250.0,41590.0,32220.0,23380.0,High school diploma or equivalent,0.1290322580645161,0.1290322580645161,0.1290322580645161,0.0,0.032258064516129,0.064516129032258,16.988235294117647,0.428254320596163
51-4021,"Extruding and Drawing Machine Setters, Operators, and Tenders, Metal and Plastic",0.087409882907878,0.0889607210125924,560.0,0.91,,"Extruding and drawing machine setters, operators, and tenders, metal and plastic",,60840.0,47720.0,76260.0,31730.0,High school diploma or equivalent,0.0,0.0208333333333333,0.0416666666666666,0.0416666666666666,0.0833333333333333,0.125,16.1375,0.3928445912701202
51-4022,"Forging Machine Setters, Operators, and Tenders, Metal and Plastic",0.1369300011724711,0.1291671828900055,587.0,0.93,,"Forging machine setters, operators, and tenders, Metal and Plastic",,8930.0,49030.0,22110.0,33550.0,High school diploma or equivalent,0.0,0.0416666666666666,0.0833333333333333,0.0,0.0416666666666666,0.0833333333333333,8.976923076923077,0.425196261682243
51-4023,"Rolling Machine Setters, Operators, and Tenders, Metal and Plastic",0.1186384947289264,0.1214778256514435,471.0,0.83,,"Rolling machine setters, operators, and tenders, metal and plastic",,25250.0,50140.0,31900.0,36680.0,High school diploma or equivalent,0.1176470588235294,0.1764705882352941,0.2352941176470588,0.0,0.0735294117647058,0.1470588235294117,19.36842105263158,0.4058126297461996
51-4031,"Cutting, Punching, and Press Machine Setters, Operators, and Tenders, Metal and Plastic",0.1088687778037884,0.1093545931914448,427.0,0.78,,"Cutting, punching, and press machine setters, operators, and tenders, metal and plastic",,171200.0,46330.0,182170.0,29370.0,High school diploma or equivalent,0.0,0.01,0.02,0.0,0.02,0.04,8.019354838709678,0.40480591497227353
51-4032,"Drilling and Boring Machine Tool Setters, Operators, and Tenders, Metal and Plastic",0.1088163753029055,0.1097732832249934,590.0,0.94,,"Drilling and boring machine tool setters, operators, and tenders, metal and plastic",0.0019543719300074,4680.0,49080.0,22390.0,32370.0,High school diploma or equivalent,0.0,0.0303030303030303,0.0606060606060606,0.0,0.0,0.0,11.841176470588236,0.4255707096491867
51-4033,"Grinding, Lapping, Polishing, and Buffing Machine Tool Setters, Operators, and Tenders, Metal and Plastic",0.1333162487002453,0.1329484887036196,624.0,0.95,,"Grinding, lapping, polishing, and buﬃng machine tool setters, operators, and tenders, metal and plastic",,67000.0,46550.0,70120.0,30670.0,High school diploma or equivalent,0.032258064516129,0.064516129032258,0.0967741935483871,0.0,0.064516129032258,0.1290322580645161,17.905555555555555,0.41314220834516024
51-4034,"Lathe and Turning Machine Tool Setters, Operators, and Tenders, Metal and Plastic",0.1189584352206399,0.1169740862409246,477.0,0.84,,"Lathe and turning machine tool setters, operators, and tenders, metal and plastic",,16710.0,50620.0,40970.0,34650.0,High school diploma or equivalent,0.1290322580645161,0.1612903225806451,0.1935483870967742,0.0,0.032258064516129,0.064516129032258,14.194444444444445,0.4104098115465151
51-4035,"Milling and Planing Machine Setters, Operators, and Tenders, Metal and Plastic",0.1176765695931248,0.1232774087497494,678.0,0.98,,"Milling and planing machine setters, operators, and tenders, metal and plastic",,12460.0,52800.0,20520.0,36340.0,High school diploma or equivalent,0.2068965517241379,0.2413793103448275,0.2758620689655172,0.0,0.0689655172413793,0.1379310344827586,18.89333333333333,0.42569511025886875
51-4041,Machinists,0.1248604735798988,0.1237569360227307,358.0,0.65,,Machinists,0.018284235167402765,287050.0,58750.0,352650.0,38520.0,High school diploma or equivalent,0.1632653061224489,0.2346938775510204,0.3061224489795918,0.0,0.1326530612244897,0.2653061224489795,18.196551724137933,0.42745153933865443
51-4051,Metal-Refining Furnace Operators and Tenders,0.0997401697959876,0.0972186307294653,516.0,0.88,,Metal-refining furnace operators and tenders,,16780.0,54430.0,15210.0,38460.0,High school diploma or equivalent,0.0833333333333333,0.1041666666666666,0.125,0.0,0.0416666666666666,0.0833333333333333,6.9399999999999995,0.39957931876781116
51-4052,"Pourers and Casters, Metal",0.0852883610716397,0.0832842349126704,503.0,0.87,,"Pourers and casters, metal",,4560.0,51810.0,11190.0,34030.0,High school diploma or equivalent,0.0,0.0,0.0,0.0,0.0,0.0,0.0,0.40153799758745473
51-4061,"Model Makers, Metal and Plastic",0.1407007013346058,0.1379206860824965,581.0,0.93,,"Model makers, metal and plastic",,2610.0,63340.0,6000.0,42740.0,High school diploma or equivalent,0.1290322580645161,0.1612903225806451,0.1935483870967742,0.0,0.0967741935483871,0.1935483870967742,17.975,0.4277750679395164
51-4062,"Patternmakers, Metal and Plastic",0.1383157092329349,0.138304091161555,539.0,0.9,,"Patternmakers, metal and plastic",0.012377688890047,1470.0,58000.0,4390.0,37200.0,High school diploma or equivalent,0.0869565217391304,0.1521739130434782,0.217391304347826,0.0,0.1304347826086956,0.2608695652173913,16.766666666666666,0.4338957630296212
51-4071,Foundry Mold and Coremakers,0.079372249723614,0.0768256035517568,370.0,0.67,,Foundry mold and coremakers,,12790.0,48110.0,10040.0,30500.0,High school diploma or equivalent,0.0,0.0,0.0,0.0,0.0,0.0,0.0,0.3878420816509645
51-4072,"Molding, Coremaking, and Casting Machine Setters, Operators, and Tenders, Metal and Plastic",0.1094531078912683,0.1058936893230586,620.0,0.95,,"Molding, coremaking, and casting machine setters, operators, and tenders, metal and plastic",0.0027361207020103,150470.0,44350.0,114760.0,28160.0,High school diploma or equivalent,0.0232558139534883,0.0813953488372093,0.1395348837209302,0.0,0.0348837209302325,0.0697674418604651,12.310344827586206,0.40754369825206993
51-4081,"Multiple Machine Tool Setters, Operators, and Tenders, Metal and Plastic",0.1177775616366556,0.1199851614350289,552.0,0.91,,"Multiple machine tool setters, operators, and tenders, metal and plastic",0.1089236622324139,124590.0,47180.0,69330.0,31820.0,High school diploma or equivalent,0.0769230769230769,0.1025641025641025,0.1282051282051282,0.1025641025641025,0.141025641025641,0.1794871794871795,14.08095238095238,0.4240282685512368
51-4111,Tool and Die Makers,0.1278296552817029,0.1286208764562067,473.0,0.84,,Tool and die makers,0.0841682844523198,56930.0,64050.0,66530.0,46930.0,Postsecondary nondegree award,0.09375,0.1875,0.28125,0.0,0.109375,0.21875,16.429411764705883,0.44354719217661875
51-4121,"Welders, Cutters, Solderers, and Brazers",0.104694222585757,0.1072912208515615,598.0,0.94,,"Welders, cutters, solderers, and brazers",0.0036481609360138,416210.0,53750.0,314260.0,35450.0,High school diploma or equivalent,0.0784313725490196,0.088235294117647,0.0980392156862745,0.0,0.0392156862745098,0.0784313725490196,4.213793103448276,0.4116694928318175
51-4122,"Welding, Soldering, and Brazing Machine Setters, Operators, and Tenders",0.1188792544392226,0.120754116661978,342.0,0.61,,"Welding, soldering, and brazing machine setters, operators, and tenders",,31600.0,47920.0,38530.0,33810.0,High school diploma or equivalent,0.0454545454545454,0.0681818181818181,0.0909090909090909,0.0,0.0568181818181818,0.1136363636363636,22.36551724137931,0.4071966898182355
51-4191,"Heat Treating Equipment Setters, Operators, and Tenders, Metal and Plastic",0.0921572041041626,0.0960710132726382,556.0,0.91,,"Heat treating equipment setters, operators, and tenders, metal and plastic",,14000.0,48750.0,18300.0,32990.0,High school diploma or equivalent,0.1764705882352941,0.1764705882352941,0.1764705882352941,0.0,0.0588235294117647,0.1176470588235294,18.29565217391304,0.40062491509305787
51-4192,"Layout Workers, Metal and Plastic",0.111528386690752,0.1196114645916019,476.0,0.84,,"Layout workers, metal and plastic",0.0029967036260113,5970.0,63870.0,8770.0,39830.0,High school diploma or equivalent,0.0,0.1304347826086956,0.2608695652173913,0.0,0.1521739130434782,0.3043478260869565,12.092857142857143,0.44512150888647084
51-4193,"Plating Machine Setters, Operators, and Tenders, Metal and Plastic",0.0989446982048094,0.0994837285535727,569.0,0.92,,"Plating and coating machine setters, operators, and tenders, metal and plastic",0.0019543719300074,32410.0,43960.0,30580.0,28980.0,High school diploma or equivalent,0.0625,0.1041666666666666,0.1458333333333333,0.0,0.0416666666666666,0.0833333333333333,10.815151515151515,0.4233409610983981
51-4194,"Tool Grinders, Filers, and Sharpeners",0.1112303357362501,0.1134304036978542,520.0,0.88,,"Tool grinders, filers, and sharpeners",,5600.0,50060.0,11930.0,34440.0,High school diploma or equivalent,0.0,0.0333333333333333,0.0666666666666666,0.0,0.0,0.0,3.238888888888889,0.42543765630582353
51-5111,Prepress Technicians and Workers,0.0985316582111889,0.1116800864100549,660.0,0.97,,Prepress technicians and workers,0.017849930294067767,23840.0,48690.0,48070.0,36280.0,Postsecondary nondegree award,0.0625,0.4375,0.8125,0.03125,0.109375,0.1875,41.766666666666666,0.49650593990216635
51-5112,Printing Press Operators,0.1154551667546735,0.119649770527967,466.0,0.83,,Printing press operators,,144260.0,45780.0,191130.0,33680.0,High school diploma or equivalent,0.175,0.2875,0.4,0.0,0.125,0.25,29.904347826086955,0.427320359281437
51-5113,Print Binding and Finishing Workers,0.1143773237860907,0.1206720713410405,618.0,0.95,,Print binding and finishing workers,,33180.0,42290.0,54230.0,28920.0,High school diploma or equivalent,0.0512820512820512,0.0897435897435897,0.1282051282051282,0.0,0.0641025641025641,0.1282051282051282,11.835999999999999,0.42318214542836574
51-6011,Laundry and Dry-Cleaning Workers,0.0882212721501584,0.0891003175883,392.0,0.71,,Laundry and dry-cleaning workers,0.0028664121640108,198040.0,34890.0,204820.0,19540.0,No formal educational credential,0.025,0.05,0.075,0.0,0.05,0.1,2.1739130434782608,0.4192472198460223
51-6021,"Pressers, Textile, Garment, and Related Materials",0.0787219533606997,0.0882435391396836,448.0,0.81,,"Pressers, textile, garment, and related materials",,26120.0,35060.0,56600.0,19400.0,No formal educational credential,0.0,0.0104166666666666,0.0208333333333333,0.0,0.0208333333333333,0.0416666666666666,2.332142857142857,0.37169130285321406
51-6031,Sewing Machine Operators,0.1008900644437314,0.1060525733811916,530.0,0.89,1.0,Sewing machine operators,,104880.0,36670.0,147030.0,20600.0,No formal educational credential,0.0465116279069767,0.0813953488372093,0.1162790697674418,0.0,0.0232558139534883,0.0465116279069767,8.603846153846153,0.4153871019880394
51-6041,Shoe and Leather Workers and Repairers,0.078914907815933,0.0848722573467062,304.0,0.52,,Shoe and leather workers and repairers,,7450.0,37800.0,6010.0,23000.0,High school diploma or equivalent,0.0,0.0588235294117647,0.1176470588235294,0.0,0.0588235294117647,0.1176470588235294,2.0846153846153848,0.4224815625253262
51-6042,Shoe Machine Operators and Tenders,0.0794700160998353,0.085492200190478,647.0,0.97,,Shoe machine operators and tenders,,3280.0,35650.0,3180.0,26280.0,High school diploma or equivalent,0.0869565217391304,0.0869565217391304,0.0869565217391304,0.0,0.0217391304347826,0.0434782608695652,4.315789473684211,0.41067358327438497
51-6051,"Sewers, Hand",0.0897491197988611,0.0960657042159987,700.0,0.99,,"Sewers, hand",,2190.0,36480.0,5770.0,23140.0,No formal educational credential,0.0,0.0416666666666666,0.0833333333333333,0.0,0.0416666666666666,0.0833333333333333,0.0,0.43484626647144947
51-6052,"Tailors, Dressmakers, and Custom Sewers",0.0775496122896416,0.093226330442856,479.0,0.84,,"Tailors, dressmakers, and custom sewers",0.039217730062149,13920.0,41640.0,26250.0,26560.0,No formal educational credential,0.0454545454545454,0.0909090909090909,0.1363636363636363,0.0,0.0681818181818181,0.1363636363636363,6.381818181818182,0.44880297638304756
51-6061,Textile Bleaching and Dyeing Machine Operators and Tenders,0.1128650137691305,0.1130631165127626,650.0,0.97,,Textile bleaching and dyeing machine operators and tenders,0.0046036316573508,5310.0,38180.0,12700.0,22970.0,High school diploma or equivalent,0.131578947368421,0.1578947368421052,0.1842105263157894,0.0,0.1184210526315789,0.2368421052631578,23.604347826086954,0.4217282863849765
51-6062,"Textile Cutting Machine Setters, Operators, and Tenders",0.1316899821664284,0.1330209654939142,612.0,0.95,,"Textile cutting machine setters, operators, and tenders",0.0775234198902945,9000.0,38760.0,15000.0,23490.0,High school diploma or equivalent,0.1071428571428571,0.1607142857142857,0.2142857142857142,0.0,0.1428571428571428,0.2857142857142857,24.772222222222222,0.39833627797408716
51-6063,"Textile Knitting and Weaving Machine Setters, Operators, and Tenders",0.1225123360160243,0.1216437617815367,400.0,0.73,,"Textile knitting and weaving machine setters, operators, and tenders",0.0775234198902945,13030.0,39530.0,21190.0,25870.0,High school diploma or equivalent,0.125,0.15625,0.1875,0.0,0.125,0.25,23.7,0.4105312208760485
51-6064,"Textile Winding, Twisting, and Drawing Out Machine Setters, Operators, and Tenders",0.0994941725670483,0.0944400418758542,637.0,0.96,,"Textile winding, twisting, and drawing out machine setters, operators, and tenders",,22020.0,38670.0,27840.0,25650.0,High school diploma or equivalent,0.0857142857142857,0.0857142857142857,0.0857142857142857,0.0,0.0714285714285714,0.1428571428571428,11.721739130434784,0.3885915389691327
51-6091,"Extruding and Forming Machine Setters, Operators, and Tenders, Synthetic and Glass Fibers",0.0996922315110148,0.0934713832024261,518.0,0.88,,"Extruding and forming machine setters, operators, and tenders, synthetic and glass fibers",,12850.0,46350.0,14670.0,32400.0,High school diploma or equivalent,0.0689655172413793,0.0689655172413793,0.0689655172413793,0.0,0.0862068965517241,0.1724137931034483,11.282352941176471,0.4160177180824463
51-6092,Fabric and Apparel Patternmakers,0.1133077900178225,0.1290904476020375,26.0,0.0049,,Fabric and apparel patternmakers,,2950.0,62750.0,6060.0,38970.0,High school diploma or equivalent,0.125,0.46875,0.8125,0.0,0.1875,0.375,36.625,0.49683962957518724
51-6093,Upholsterers,0.0873090928298542,0.0943109413416964,267.0,0.39,,Upholsterers,0.0036481609360138,20140.0,46340.0,30210.0,29960.0,High school diploma or equivalent,0.1176470588235294,0.1911764705882352,0.2647058823529412,0.0294117647058823,0.088235294117647,0.1470588235294117,11.10909090909091,0.4073413379073757
51-7011,Cabinetmakers and Bench Carpenters,0.0963403397999484,0.1063770021184039,566.0,0.92,,Cabinetmakers and bench carpenters,0.0029098426513443666,77170.0,46680.0,84170.0,30130.0,High school diploma or equivalent,0.0588235294117647,0.1176470588235294,0.1764705882352941,0.0,0.0441176470588235,0.088235294117647,12.985,0.404787448035403
51-7021,Furniture Finishers,0.0830337975173028,0.0851612702504941,507.0,0.87,,Furniture Finishers,,14480.0,44540.0,15400.0,27820.0,High school diploma or equivalent,0.0,0.0285714285714285,0.0571428571428571,0.0,0.0714285714285714,0.1428571428571428,6.940909090909091,0.40668046534865454
51-7031,"Model Makers, Wood",0.1291803638259756,0.1325950436408537,636.0,0.96,,"Model makers, wood",0.0117262315800445,280.0,56550.0,1660.0,29370.0,High school diploma or equivalent,0.0769230769230769,0.1538461538461538,0.2307692307692307,0.0,0.1538461538461538,0.3076923076923077,13.992857142857144,0.4385239959402638
51-7032,"Patternmakers, Wood",0.1152951474656014,0.1192331674534412,559.0,0.91,,"Patternmakers, wood",0.22794491276986614,220.0,49630.0,1240.0,34640.0,High school diploma or equivalent,0.2051282051282051,0.2564102564102564,0.3076923076923077,0.1538461538461538,0.282051282051282,0.4102564102564102,16.735,0.4185980780101753
51-7041,"Sawing Machine Setters, Operators, and Tenders, Wood",0.110153413136047,0.1145336141649119,493.0,0.86,,"Sawing machine setters, operators, and tenders, wood",0.0048207840940183,40850.0,42770.0,37050.0,26180.0,High school diploma or equivalent,0.0,0.0588235294117647,0.1176470588235294,0.0,0.0147058823529411,0.0294117647058823,12.618181818181819,0.3945521768656154
51-7042,"Woodworking Machine Setters, Operators, and Tenders, Except Sawing",0.1178908220755974,0.1176544111830641,645.0,0.97,,"Woodworking machine setters, operators, and tenders, except sawing",,61420.0,43380.0,61130.0,26520.0,High school diploma or equivalent,0.0217391304347826,0.0652173913043478,0.108695652173913,0.0,0.0326086956521739,0.0652173913043478,8.0,0.399599542334096
51-8011,Nuclear Power Reactor Operators,0.139147911979965,0.1338246972551506,614.0,0.95,,Nuclear power reactor operators,0.0036481609360138,5150.0,122890.0,5080.0,75650.0,High school diploma or equivalent,0.1818181818181818,0.3181818181818182,0.4545454545454546,0.0,0.1212121212121212,0.2424242424242424,38.43157894736842,0.5210604929051531
51-8012,Power Distributors and Dispatchers,0.1229416467583928,0.1229698763511515,355.0,0.64,,Power distributors and dispatchers,0.005689393840688234,8520.0,106730.0,10100.0,68900.0,High school diploma or equivalent,0.0833333333333333,0.375,0.6666666666666666,0.0833333333333333,0.2499999999999999,0.4166666666666666,48.707142857142856,0.535293154274484
51-8013,Power Plant Operators,0.1097172063481109,0.1068230397203736,486.0,0.85,,Power plant operators,0.0243645033940925,29320.0,102040.0,39930.0,63080.0,High school diploma or equivalent,0.0888888888888888,0.2333333333333333,0.3777777777777777,0.0,0.1111111111111111,0.2222222222222222,36.61363636363637,0.44827090373139694
51-8021,Stationary Engineers and Boiler Operators,0.1227557405453256,0.1218492447440655,529.0,0.89,,Stationary engineers and boiler operators,0.00228010058500865,28250.0,78620.0,35800.0,52140.0,High school diploma or equivalent,0.1395348837209302,0.1627906976744186,0.1860465116279069,0.0,0.1046511627906976,0.2093023255813953,21.384,0.43870548291555295
51-8031,Water and Wastewater Treatment Plant and System Operators,0.132060075307711,0.1308333605832328,339.0,0.61,,Water and wastewater treatment plant and system operators,,128490.0,60020.0,108330.0,40770.0,High school diploma or equivalent,0.125,0.125,0.125,0.0,0.125,0.25,28.8125,0.4441518542901031
51-8091,Chemical Plant and System Operators,0.1200399451183844,0.1163773391432455,487.0,0.85,,Chemical plant and system operators,0.002866412164010833,16610.0,78120.0,43130.0,55490.0,High school diploma or equivalent,0.0303030303030303,0.1515151515151515,0.2727272727272727,0.0909090909090909,0.1515151515151515,0.2121212121212121,37.27368421052632,0.44192967884828344
51-8092,Gas Plant Operators,0.1134835110956099,0.1133414132254464,429.0,0.78,,Gas plant operators,0.0036481609360138,18030.0,87820.0,13480.0,57200.0,High school diploma or equivalent,0.0625,0.09375,0.125,0.0,0.078125,0.15625,34.78947368421053,0.4416796267496112
51-8093,"Petroleum Pump System Operators, Refinery Operators, and Gaugers",0.1127059040077777,0.1113299218875913,389.0,0.71,,"Petroleum pump system operators, refinery operators, and gaugers",0.00850151789553225,33160.0,96710.0,42850.0,60040.0,High school diploma or equivalent,0.048780487804878,0.1951219512195122,0.3414634146341463,0.024390243902439,0.1707317073170731,0.3170731707317073,35.42916666666667,0.4392478632478633
51-9011,Chemical Equipment Operators and Tenders,0.1142036186371252,0.1145085285492833,416.0,0.76,,Chemical equipment operators and tenders,0.0057328243280217,139630.0,58040.0,46250.0,45150.0,High school diploma or equivalent,0.0869565217391304,0.1521739130434782,0.217391304347826,0.0434782608695652,0.0652173913043478,0.0869565217391304,34.23478260869565,0.43659656093717875
51-9012,"Separating, Filtering, Clarifying, Precipitating, and Still Machine Setters, Operators, and Tenders",0.1222495144483979,0.1177195755318248,517.0,0.88,,"Separating, filtering, clarifying, precipitating, and still machine setters, operators, and tenders",,60100.0,51610.0,38050.0,37840.0,High school diploma or equivalent,0.1142857142857142,0.1428571428571428,0.1714285714285714,0.0,0.0857142857142857,0.1714285714285714,15.764999999999997,0.4131416267277905
51-9021,"Crushing, Grinding, and Polishing Machine Setters, Operators, and Tenders",0.1225613739165116,0.122785239956224,652.0,0.97,,"Crushing, grinding, and polishing machine setters, operators, and tenders",,26000.0,48540.0,33140.0,32440.0,High school diploma or equivalent,0.1081081081081081,0.1081081081081081,0.1081081081081081,0.0,0.081081081081081,0.1621621621621621,20.761904761904763,0.39605822132460466
51-9022,"Grinding and Polishing Workers, Hand",0.1290788355474586,0.1325183876362591,653.0,0.97,,"Grinding and polishing workers, hand",,10510.0,42660.0,27420.0,27370.0,No formal educational credential,0.0357142857142857,0.0357142857142857,0.0357142857142857,0.0,0.0357142857142857,0.0714285714285714,12.494117647058824,0.4025862684861042
51-9023,"Mixing and Blending Machine Setters, Operators, and Tenders",0.1180843786846376,0.1202180343039363,462.0,0.83,,"Mixing and blending machine setters, operators, and tenders",0.0058631157900222,94920.0,48990.0,123840.0,32870.0,High school diploma or equivalent,0.1111111111111111,0.1111111111111111,0.1111111111111111,0.0555555555555555,0.0833333333333333,0.1111111111111111,14.444999999999999,0.41469107885330797
51-9031,"Cutters and Trimmers, Hand",0.1006184586829912,0.1085558175452607,351.0,0.64,,"Cutters and trimmers, hand",,6060.0,38020.0,17420.0,24410.0,No formal educational credential,0.0,0.0,0.0,0.0,0.0,0.0,4.166666666666667,0.42053608247422675
51-9032,"Cutting and Slicing Machine Setters, Operators, and Tenders",0.1162635730523139,0.1153297461547494,496.0,0.86,,"Cutting and slicing machine setters, operators, and tenders",0.0300973277221143,44980.0,46570.0,61360.0,30000.0,High school diploma or equivalent,0.0454545454545454,0.0681818181818181,0.0909090909090909,0.0,0.0568181818181818,0.1136363636363636,12.444,0.41001306650161623
51-9041,"Extruding, Forming, Pressing, and Compacting Machine Setters, Operators, and Tenders",0.1068198433014476,0.1064807261566932,584.0,0.93,,"Extruding, forming, pressing, and compacting machine setters, operators, and tenders",,58770.0,45760.0,65100.0,31210.0,High school diploma or equivalent,0.075,0.075,0.075,0.025,0.075,0.125,17.15,0.40227651304830647
51-9051,"Furnace, Kiln, Oven, Drier, and Kettle Operators and Tenders",0.1164156459370547,0.1209719669962672,255.0,0.37,,"Furnace, kiln, oven, drier, and kettle operators and tenders",0.0029967036260113,14280.0,48040.0,18470.0,34400.0,High school diploma or equivalent,0.16,0.16,0.16,0.0,0.04,0.08,29.564705882352943,0.42558625493382857
51-9061,"Inspectors, Testers, Sorters, Samplers, and Weighers",0.1422400683748475,0.1424657068919374,670.0,0.98,,"Inspectors, testers, sorters, samplers, and weighers",0.0364294927753384,597370.0,48570.0,410750.0,33030.0,High school diploma or equivalent,0.2708333333333333,0.4166666666666666,0.5625,0.0416666666666666,0.1770833333333333,0.3125,39.119354838709675,0.45291583320510853
51-9071,Jewelers and Precious Stone and Metal Workers,0.0887164501688464,0.0980558542818457,626.0,0.95,,Jewelers and precious stone and metal workers,0.0068620169986927,22440.0,52540.0,21510.0,35170.0,High school diploma or equivalent,0.0714285714285714,0.1785714285714285,0.2857142857142857,0.0357142857142857,0.125,0.2142857142857142,12.22,0.46847224551400296
51-9081,Dental Laboratory Technicians,0.0676082856884266,0.0725732199804403,651.0,0.97,,Dental laboratory technicians,0.0031269950880118,34410.0,49610.0,38360.0,35140.0,High school diploma or equivalent,0.0,0.0416666666666666,0.0833333333333333,0.0,0.0416666666666666,0.0833333333333333,4.81764705882353,0.4629658506159363
51-9082,Medical Appliance Technicians,0.0799862119098346,0.0918426148919945,284.0,0.45,,Medical appliance technicians,0.0045602011700173,11280.0,48030.0,13320.0,35670.0,High school diploma or equivalent,0.0689655172413793,0.1379310344827586,0.2068965517241379,0.0689655172413793,0.1034482758620689,0.1379310344827586,7.959999999999999,0.45630038184132365
51-9083,Ophthalmic Laboratory Technicians,0.0867099157431345,0.0903404906566391,656.0,0.97,,Ophthalmic laboratory technicians,0.0071660304100272,18660.0,39460.0,27880.0,27970.0,High school diploma or equivalent,0.0,0.09375,0.1875,0.0,0.0625,0.125,4.627777777777777,0.43439799592923123
51-9111,Packaging and Filling Machine Operators and Tenders,0.1167382704734065,0.1096397991162611,681.0,0.98,,Packaging and filling machine operators and tenders,,379060.0,43220.0,342280.0,25270.0,High school diploma or equivalent,0.0,0.0,0.0,0.0,0.075,0.15,14.655000000000001,0.4158716071296502
51-9123,"Painting, Coating, and Decorating Workers",0.1039231461578362,0.1030325158118699,567.0,0.92,,"Painting, coating, and decorating workers",,7940.0,41600.0,23970.0,24400.0,No formal educational credential,0.0,0.0,0.0,0.0,0.0294117647058823,0.0588235294117647,0.0,0.42961038961038966
51-9124,"Coating, Painting, and Spraying Machine Setters, Operators, and Tenders",0.0938731172450932,0.091489898157931,,,,"Coating, Painting, and Spraying Machine Setters, Operators, and Tenders",,158740.0,48250.0,,,High school diploma or equivalent,0.0217391304347826,0.0434782608695652,0.0652173913043478,0.0,0.0108695652173913,0.0217391304347826,6.3999999999999995,0.3949863525355551
51-9141,Semiconductor Processing Technicians,0.1111337339028207,0.1105137097505712,514.0,0.88,,Semiconductor Processors,,31460.0,51430.0,20930.0,33130.0,High school diploma or equivalent,0.1875,0.234375,0.28125,0.03125,0.0625,0.09375,16.805,0.4367359413202935
51-9151,Photographic Process Workers and Processing Machine Operators,0.1013523953692126,0.1106194534669235,694.0,0.99,,Photographic process workers and processing machine operators,0.011335357194043,4800.0,40610.0,57540.0,22010.0,High school diploma or equivalent,0.08,0.38,0.68,0.0,0.17,0.34,39.14074074074074,0.4626061893203883
51-9161,Computer Numerically Controlled Tool Operators,0.1202288984463466,0.1138013778408126,,,,Computer Numerically Controlled Tool Operators,,169450.0,50690.0,,,High school diploma or equivalent,0.22,0.25,0.28,0.0,0.18,0.36,32.57037037037037,0.42703067071115597
51-9162,Computer Numerically Controlled Tool Programmers,0.1409204859458125,0.1362459824477947,,,,Computer Numerically Controlled Tool Programmers,,28500.0,68120.0,,,Postsecondary nondegree award,0.7142857142857142,0.8035714285714285,0.8928571428571428,0.0,0.3571428571428571,0.7142857142857142,56.6625,0.4734605635902787
51-9191,Adhesive Bonding Machine Operators and Tenders,0.1174884478178482,0.1160682876622986,622.0,0.95,,Adhesive bonding machine operators and tenders,,11500.0,46460.0,15060.0,29310.0,High school diploma or equivalent,0.064516129032258,0.064516129032258,0.064516129032258,0.0,0.0,0.0,21.79375,0.3981810722100656
51-9192,"Cleaning, Washing, and Metal Pickling Equipment Operators and Tenders",0.1184129659270293,0.1164427646289376,445.0,0.81,,"Cleaning, washing, and metal pickling equipment operators and tenders",0.0027361207020103,14760.0,43530.0,18320.0,25660.0,High school diploma or equivalent,0.1052631578947368,0.1052631578947368,0.1052631578947368,0.0,0.0526315789473684,0.1052631578947368,19.7,0.40740447122245127
51-9193,Cooling and Freezing Equipment Operators and Tenders,0.1035691972038853,0.1035631030746956,574.0,0.93,,Cooling and freezing equipment operators and tenders,,6900.0,41330.0,8960.0,29320.0,High school diploma or equivalent,0.08,0.08,0.08,0.0,0.04,0.08,10.8,0.4218179213523387
51-9194,Etchers and Engravers,0.0925352790049726,0.1049211678984108,682.0,0.98,,Etchers and engravers,0.0069054474860262,7750.0,43310.0,8090.0,28180.0,High school diploma or equivalent,0.0,0.1363636363636363,0.2727272727272727,0.0,0.0303030303030303,0.0606060606060606,10.092307692307692,0.43663594470046074
51-9195,"Molders, Shapers, and Casters, Except Metal and Plastic",0.0861394409826032,0.0882163702806347,540.0,0.9,,"Molders, shapers, and casters, except metal and plastic",0.02879441310210935,33190.0,46170.0,32250.0,28830.0,High school diploma or equivalent,0.0,0.0,0.0,0.0,0.0172413793103448,0.0344827586206896,9.404545454545454,0.41002665876777256
51-9196,"Paper Goods Machine Setters, Operators, and Tenders",0.1139418407195776,0.1151654167110306,369.0,0.67,,"Paper goods machine setters, operators, and tenders",,96130.0,50270.0,88390.0,34130.0,High school diploma or equivalent,0.0,0.0,0.0,0.0,0.0263157894736842,0.0526315789473684,7.242857142857143,0.420009185548071
51-9197,Tire Builders,0.0600901392040209,0.0536864838673918,605.0,0.94,,Tire builders,,20770.0,57390.0,15020.0,39250.0,High school diploma or equivalent,0.0,0.0192307692307692,0.0384615384615384,0.0,0.0,0.0,0.0,0.38030859662013217
51-9198,Helpers--Production Workers,0.1013771527460393,0.1062368162314424,365.0,0.66,,Helpers–production workers,0.00332243228101255,165700.0,39070.0,394270.0,22450.0,High school diploma or equivalent,0.0444444444444444,0.0888888888888888,0.1333333333333333,0.0,0.0555555555555555,0.1111111111111111,13.29,0.39784864782970997
53-1041,Aircraft Cargo Handling Supervisors,0.088287875669097,0.0978801171838817,,,,Aircraft Cargo Handling Supervisors,,9760.0,58170.0,,,High school diploma or equivalent,0.1,0.3,0.5,0.0,0.0,0.0,50.23333333333333,0.44309479799313445
53-1042,"First-Line Supervisors of Helpers, Laborers, and Material Movers, Hand",0.1348223359922155,0.1448130290774616,,,,"First-Line Supervisors of Helpers, Laborers, and Material Movers, Hand",,,,,,,0.0666666666666666,0.2222222222222222,0.3777777777777777,0.2,0.3555555555555555,0.5111111111111112,35.19166666666667,0.46467958271236964
53-1043,First-Line Supervisors of Material-Moving Machine and Vehicle Operators,0.1481281964315168,0.1567098142601284,,,,First-Line Supervisors of Material-Moving Machine and Vehicle Operators,,,,,,,0.1538461538461538,0.3717948717948718,0.5897435897435898,0.1538461538461538,0.3076923076923077,0.4615384615384615,32.31578947368421,0.49306739823533774
53-1044,First-Line Supervisors of Passenger Attendants,,,,,,First-Line Supervisors of Passenger Attendants,,,,,,,0.0526315789473684,0.2894736842105263,0.5263157894736842,0.2631578947368421,0.3157894736842105,0.3684210526315789,,
53-2011,"Airline Pilots, Copilots, and Flight Engineers",0.1130003672306575,0.1198457173018264,204.0,0.18,,"Airline pilots, copilots, and flight engineers",0.0078174877200297,103560.0,232140.0,68580.0,103210.0,Bachelor's degree,0.0909090909090909,0.3522727272727273,0.6136363636363636,0.0,0.2272727272727273,0.4545454545454546,38.1875,0.4383157416865282
53-2012,Commercial Pilots,0.1025751388425181,0.1106997227558351,314.0,0.55,,Commercial pilots,0.0049510755560188005,47630.0,123220.0,29900.0,67500.0,Postsecondary nondegree award,0.1136363636363636,0.2386363636363636,0.3636363636363636,0.0,0.2159090909090909,0.4318181818181818,30.958333333333332,0.44744799225931303
53-2021,Air Traffic Controllers,0.1098392486864814,0.1169163743496543,178.0,0.11,,Air traﬃc controllers,0.005645963353354734,22510.0,148080.0,23970.0,108040.0,Associate's degree,0.0909090909090909,0.3409090909090909,0.5909090909090909,0.0,0.3068181818181818,0.6136363636363636,40.573913043478264,0.5522954780807732
53-2022,Airfield Operations Specialists,0.1218288121625633,0.1264552169123747,388.0,0.71,,Airfield operations specialists,0.00508136701801925,15190.0,56850.0,6790.0,45080.0,High school diploma or equivalent,0.0975609756097561,0.3658536585365853,0.6341463414634146,0.0,0.3292682926829268,0.6585365853658537,34.05925925925926,0.4869763790765718
53-2031,Flight Attendants,0.0845858807669718,0.0953511658956503,250.0,0.35,0.0,Flight attendants,0.0036481609360138,131650.0,63580.0,88020.0,37740.0,High school diploma or equivalent,0.1458333333333333,0.1666666666666666,0.1875,0.0416666666666666,0.1458333333333333,0.25,21.836,0.4453343130051433
53-3011,"Ambulance Drivers and Attendants, Except Emergency Medical Technicians",0.0821174170790419,0.0845937694943248,227.0,0.25,,"Ambulance drivers and attendants, except emergency medical technicians",,12630.0,35450.0,19440.0,22940.0,High school diploma or equivalent,0.0909090909090909,0.0909090909090909,0.0909090909090909,0.0,0.0454545454545454,0.0909090909090909,11.618181818181817,0.4338616916818628
53-3031,Driver/Sales Workers,0.106351540075529,0.1167897492277172,674.0,0.98,,Driver/sales workers,0.0169378900600643,409180.0,38770.0,371670.0,22540.0,High school diploma or equivalent,0.1666666666666666,0.3333333333333333,0.5,0.0,0.1388888888888889,0.2777777777777778,20.07272727272727,0.43442988984816905
53-3032,Heavy and Tractor-Trailer Truck Drivers,0.1052842737453211,0.1032022615758384,431.0,0.79,,Heavy and tractor-trailer truck drivers,0.009902151112037566,2062040.0,58640.0,1466740.0,37770.0,Postsecondary nondegree award,0.1923076923076923,0.2788461538461538,0.3653846153846154,0.0384615384615384,0.173076923076923,0.3076923076923077,21.21379310344828,0.3880488128398992
53-3033,Light Truck Drivers,0.0993261520958593,0.1014833395422471,380.0,0.69,1.0,Light truck or delivery services drivers,,983300.0,44860.0,780260.0,28630.0,High school diploma or equivalent,0.2307692307692307,0.3653846153846154,0.5,0.0,0.25,0.5,22.876923076923074,0.4074415308291992
53-3051,"Bus Drivers, School",0.0788620250865719,0.0875378096731085,,,,"Bus Drivers, School",,402930.0,47920.0,,,High school diploma or equivalent,0.2941176470588235,0.3235294117647059,0.3529411764705882,0.0,0.1764705882352941,0.3529411764705882,27.788235294117644,0.40503781833321756
53-3052,"Bus Drivers, Transit and Intercity",0.0822080727059911,0.0903221268714715,,,,"Bus Drivers, Transit and Intercity",,159240.0,59050.0,,,High school diploma or equivalent,0.2222222222222222,0.2407407407407407,0.2592592592592592,0.0,0.1666666666666666,0.3333333333333333,30.657142857142855,0.4038487972508591
53-3053,Shuttle Drivers and Chauffeurs,0.096878107516564,0.1032717815719794,,,,Shuttle Drivers and Chauffeurs,,248530.0,37290.0,,,No formal educational credential,0.1923076923076923,0.25,0.3076923076923077,0.0384615384615384,0.173076923076923,0.3076923076923077,24.411538461538463,0.4122990915443745
53-3054,Taxi Drivers,,,,,,Taxi Drivers,,41050.0,42100.0,,,No formal educational credential,0.25,0.28125,0.3125,0.125,0.25,0.375,,
53-4011,Locomotive Engineers,0.1101500323544256,0.1120810249633884,638.0,0.96,,Locomotive engineers,0.0053419499420202,33470.0,81410.0,40750.0,46630.0,High school diploma or equivalent,0.2142857142857142,0.2857142857142857,0.3571428571428571,0.0714285714285714,0.2321428571428571,0.3928571428571428,26.3,0.41607594936708864
53-4013,"Rail Yard Engineers, Dinkey Operators, and Hostlers",0.1013448887407662,0.1044199547813493,553.0,0.91,,"Rail yard engineers, dinkey operators, and hostlers",0.0079477791820302,3920.0,60600.0,5600.0,35480.0,High school diploma or equivalent,0.2045454545454545,0.2045454545454545,0.2045454545454545,0.0,0.0568181818181818,0.1136363636363636,12.795652173913044,0.4011699707507312
53-4022,"Railroad Brake, Signal, and Switch Operators and Locomotive Firers",0.0925920018543481,0.0964271956195933,,,,"Railroad Brake, Signal, and Switch Operators and Locomotive Firers",,12400.0,68840.0,,,High school diploma or equivalent,0.0833333333333333,0.1666666666666666,0.2499999999999999,0.0,0.0416666666666666,0.0833333333333333,16.336,0.4033185694453626
53-4031,Railroad Conductors and Yardmasters,0.1177166344428563,0.1241274646548848,459.0,0.83,,Railroad conductors and yardmasters,,46440.0,78000.0,42700.0,49770.0,High school diploma or equivalent,0.0833333333333333,0.2777777777777778,0.4722222222222222,0.0,0.2083333333333333,0.4166666666666666,44.72,0.44092061100075347
53-4041,Subway and Streetcar Operators,0.0930432839046487,0.1051708492242276,494.0,0.86,,Subway and streetcar operators,0.0083386535680316,10200.0,86380.0,6360.0,56880.0,High school diploma or equivalent,0.4090909090909091,0.4090909090909091,0.4090909090909091,0.0,0.2045454545454545,0.4090909090909091,35.42,0.40852667836485346
53-5011,Sailors and Marine Oilers,0.1050353131538321,0.102614774137243,461.0,0.83,,Sailors and marine oilers,,31670.0,51520.0,31690.0,36260.0,No formal educational credential,0.0212765957446808,0.0425531914893617,0.0638297872340425,0.0,0.0106382978723404,0.0212765957446808,8.389285714285714,0.3979533464692048
53-5021,"Captains, Mates, and Pilots of Water Vessels",0.1154906036298943,0.1159434591616354,230.0,0.27,,"Captains, mates, and pilots of water vessels",0.0036481609360138,36850.0,92460.0,29280.0,64180.0,Postsecondary nondegree award,0.1999999999999999,0.2636363636363636,0.3272727272727272,0.0727272727272727,0.209090909090909,0.3454545454545454,28.079310344827583,0.4277037496126432
53-5022,Motorboat Operators,0.1100882487936623,0.1106339543335445,343.0,0.62,1.0,Motorboat operators,,2480.0,47520.0,2480.0,38510.0,Postsecondary nondegree award,0.0,0.0,0.0,0.0,0.1290322580645161,0.2580645161290322,11.19375,0.4092219020172911
53-5031,Ship Engineers,0.1295934091063598,0.1230823096902784,129.0,0.041,,Ship engineers,,8400.0,109530.0,9470.0,65880.0,Postsecondary nondegree award,0.125,0.171875,0.21875,0.0,0.140625,0.28125,19.11764705882353,0.4426719840478564
53-6011,Bridge and Lock Tenders,0.0999805826604482,0.0977904211504498,644.0,0.97,,Bridge and lock tenders,,3040.0,57700.0,3250.0,45930.0,High school diploma or equivalent,0.2857142857142857,0.2857142857142857,0.2857142857142857,0.0,0.1607142857142857,0.3214285714285714,33.099999999999994,0.4143542822858857
53-6021,Parking Attendants,0.0935779157809064,0.0995402430280854,510.0,0.87,1.0,Parking lot attendants,0.0028012664330105998,137880.0,35150.0,124590.0,19530.0,No formal educational credential,0.0357142857142857,0.1071428571428571,0.1785714285714285,0.0357142857142857,0.125,0.2142857142857142,3.246666666666667,0.4181154127100073
53-6031,Automotive and Watercraft Service Attendants,0.0899913437003919,0.0888614044633022,467.0,0.83,,Automotive and watercraft service attendants,0.008924965147033899,102010.0,35670.0,86440.0,19540.0,No formal educational credential,0.1304347826086956,0.1304347826086956,0.1304347826086956,0.0,0.0652173913043478,0.1304347826086956,12.807142857142859,0.4106859205776173
53-6032,Aircraft Service Attendants,,,,,,Aircraft Service Attendants,,31300.0,40450.0,,,High school diploma or equivalent,0.1111111111111111,0.1388888888888889,0.1666666666666666,0.1111111111111111,0.1111111111111111,0.1111111111111111,,
53-6041,Traffic Technicians,0.125891315207097,0.1293749462812284,537.0,0.9,,Traﬃc technicians,0.00384359812901455,7860.0,59090.0,6730.0,41130.0,High school diploma or equivalent,0.1111111111111111,0.4629629629629629,0.8148148148148148,0.037037037037037,0.3888888888888888,0.7407407407407407,41.54347826086956,0.4986267927982911
53-6051,Transportation Inspectors,0.1079884278358043,0.1109370995045471,538.0,0.9,,Transportation inspectors,,24500.0,92100.0,24280.0,57640.0,High school diploma or equivalent,0.2727272727272727,0.4393939393939394,0.6060606060606061,0.0606060606060606,0.3181818181818182,0.5757575757575758,41.07142857142857,0.49264705882352944
53-6061,Passenger Attendants,0.0835424970252397,0.0964346900493298,412.0,0.75,,"Transportation attendants, except flight attendants",0.0040390353220153,27110.0,37720.0,25150.0,20930.0,High school diploma or equivalent,0.1666666666666666,0.2222222222222222,0.2777777777777778,0.0,0.1388888888888889,0.2777777777777778,25.241666666666664,0.4532079112397492
53-7011,Conveyor Operators and Tenders,0.1279718064899342,0.1255523058254627,577.0,0.93,,Conveyor operators and tenders,0.0061671292013567,22930.0,42420.0,36810.0,29270.0,No formal educational credential,0.0689655172413793,0.1034482758620689,0.1379310344827586,0.0,0.1379310344827586,0.2758620689655172,27.285000000000004,0.42556209660259603
53-7021,Crane and Tower Operators,0.1152899613245181,0.1106328637115559,536.0,0.9,,Crane and tower operators,,42890.0,68080.0,39510.0,46230.0,High school diploma or equivalent,0.1052631578947368,0.1842105263157894,0.2631578947368421,0.0,0.0263157894736842,0.0526315789473684,16.927272727272726,0.3978516146250333
53-7031,Dredge Operators,0.1022135565479867,0.0912816321952029,564.0,0.92,,Dredge operators,,1040.0,49640.0,1720.0,33690.0,High school diploma or equivalent,0.0,0.0,0.0,0.0,0.0,0.0,9.966666666666667,0.39345814817512936
53-7041,Hoist and Winch Operators,0.0956145893610535,0.0970565988623395,363.0,0.65,,Hoist and winch operators,,2600.0,56450.0,2810.0,37670.0,No formal educational credential,0.0,0.0,0.0,0.0,0.0952380952380952,0.1904761904761904,5.023076923076923,0.40947873616851094
53-7051,Industrial Truck and Tractor Operators,0.1214954764498739,0.1208721744639435,588.0,0.93,1.0,Industrial truck and tractor operators,,774420.0,46420.0,518350.0,29780.0,No formal educational credential,0.0,0.03125,0.0625,0.0,0.03125,0.0625,6.022222222222222,0.39028499227853425
53-7061,Cleaners of Vehicles and Equipment,0.0993105775527077,0.0930920619876176,256.0,0.37,,Cleaners of vehicles and equipment,0.0024755377780094,380430.0,35830.0,288110.0,19680.0,No formal educational credential,0.0555555555555555,0.0833333333333333,0.1111111111111111,0.0,0.0,0.0,10.9,0.3895420537696292
53-7062,"Laborers and Freight, Stock, and Material Movers, Hand",0.1017647063043801,0.0991204607837199,483.0,0.85,,"Labourers and freight, stock, and material movers, hand",0.0028664121640108,2950280.0,40240.0,2024180.0,23460.0,No formal educational credential,0.04,0.04,0.04,0.0,0.06,0.12,12.5,0.39171641791044776
53-7063,Machine Feeders and Offbearers,0.12437005950614,0.1301110837539667,580.0,0.93,,Machine feeders and offbearers,,42330.0,41220.0,119730.0,27000.0,No formal educational credential,0.0909090909090909,0.0909090909090909,0.0909090909090909,0.0,0.0909090909090909,0.1818181818181818,6.407692307692307,0.4092791411042946
53-7064,"Packers and Packagers, Hand",0.1266562341275141,0.1284721414552949,264.0,0.38,,"Packers and packagers, hand",,559820.0,36280.0,676870.0,19630.0,No formal educational credential,0.1,0.1,0.1,0.0,0.1,0.2,13.65,0.4057494520316979
53-7065,Stockers and Order Fillers,0.1046907632192303,0.1141982623903759,,,,Stockers and Order Fillers,,2833810.0,37330.0,,,No formal educational credential,0.109090909090909,0.1818181818181818,0.2545454545454545,0.109090909090909,0.1909090909090909,0.2727272727272727,23.05666666666667,0.4182926829268293
53-7071,Gas Compressor and Gas Pumping Station Operators,0.1080791337871799,0.1090850211597966,549.0,0.91,,Gas compressor and gas pumping station operators,,3510.0,77320.0,4040.0,50590.0,High school diploma or equivalent,0.2307692307692307,0.2692307692307693,0.3076923076923077,0.0,0.0769230769230769,0.1538461538461538,31.299999999999997,0.4257765935067667
53-7072,"Pump Operators, Except Wellhead Pumpers",0.110641761506956,0.112991387999158,542.0,0.9,,"Pump operators, except wellhead pumpers",0.0019543719300074,9780.0,61770.0,9440.0,43740.0,High school diploma or equivalent,0.1666666666666666,0.2499999999999999,0.3333333333333333,0.0,0.1666666666666666,0.3333333333333333,19.442857142857143,0.4246118223917188
53-7073,Wellhead Pumpers,0.0922111283270828,0.0905334723746848,480.0,0.84,,Wellhead pumpers,,17990.0,69960.0,12960.0,40640.0,High school diploma or equivalent,0.0,0.0,0.0,0.0,0.0,0.0,12.107142857142858,0.4175033717967931
53-7081,Refuse and Recyclable Material Collectors,0.0995056424420477,0.094673879234403,585.0,0.93,,Refuse and recyclable material collectors,,147240.0,49690.0,126360.0,32640.0,No formal educational credential,0.1785714285714285,0.1964285714285714,0.2142857142857142,0.1071428571428571,0.2321428571428571,0.3571428571428571,15.864285714285716,0.3711850216911485
53-7121,"Tank Car, Truck, and Ship Loaders",0.1043210911911017,0.1025240715404251,396.0,0.72,,"Tank car, truck, and ship loaders",,10700.0,58870.0,10390.0,42780.0,No formal educational credential,0.0714285714285714,0.0714285714285714,0.0714285714285714,0.0,0.125,0.25,11.473684210526315,0.39740905522114617
